Time,P (deg/s),Q (deg/s),R (deg/s),P dot (deg/s^2),Q dot (deg/s^2),R dot (deg/s^2),P_{inertial} (deg/s),Q_{inertial} (deg/s),R_{inertial} (deg/s),q bar (psf),Reynolds Number,V_{Total} (ft/s),V_{Inertial} (ft/s),UBody,VBody,WBody,UdotBody,VdotBody,WdotBody,UdotBody_i,VdotBody_i,WdotBody_i,BodyAccel_X,BodyAccel_Y,BodyAccel_Z,Aero V_{X Body} (ft/s),Aero V_{Y Body} (ft/s),Aero V_{Z Body} (ft/s),V_{X_{inertial}} (ft/s),V_{Y_{inertial}} (ft/s),V_{Z_{inertial}} (ft/s),V_{X_{ecef}} (ft/s),V_{Y_{ecef}} (ft/s),V_{Z_{ecef}} (ft/s),V_{North} (ft/s),V_{East} (ft/s),V_{Down} (ft/s),I_{xx},I_{xy},I_{xz},I_{yx},I_{yy},I_{yz},I_{zx},I_{zy},I_{zz},Mass,Weight,X_{cg},Y_{cg},Z_{cg},Altitude ASL (ft),Altitude AGL (ft),Phi (deg),Theta (deg),Psi (deg),Q(1)_{LOCAL},Q(2)_{LOCAL},Q(3)_{LOCAL},Q(4)_{LOCAL},Q(1)_{ECEF},Q(2)_{ECEF},Q(3)_{ECEF},Q(4)_{ECEF},Q(1)_{ECI},Q(2)_{ECI},Q(3)_{ECI},Q(4)_{ECI},Alpha (deg),Beta (deg),Latitude (deg),Latitude Geodetic (deg),Longitude (deg),X_{ECI} (ft),Y_{ECI} (ft),Z_{ECI} (ft),X_{ECEF} (ft),Y_{ECEF} (ft),Z_{ECEF} (ft),Earth Position Angle (deg),Distance AGL (ft),Terrain Elevation (ft),navigation/actual-heading-rad,systems/mixture-cmd-norm,guidance/wp-heading-rad,guidance/wp-distance,guidance/wp-heading-deg,guidance/selected_target_heading,guidance/angle-to-heading-rad,ap/roll-control-autopilot-on,ap/roll-autopilot-windup-trigger,ap/limited-roll-angle-rad,ap/roll-attitude-selector,ap/limited-roll-angle-error,ap/roll-rate-pid-control,ap/total-limited-roll-rate,ap/roll-rate-saturation,ap/limited-roll-rate-error,ap/roll-command-pid-control,ap/roll-cmd-smoother,ap/roll-cmd-norm-output,ap/roll-command-selector-steering,fcs/attitude/sensor/phi-rad,fcs/wing-leveler-ap-on-off,fcs/roll-ap-error-pid,fcs/roll-ap-autoswitch,fcs/heading-true-degrees,fcs/heading-error,fcs/heading-error-bias-switch,fcs/heading-corrected,fcs/heading-command,fcs/heading-roll-error-lag,fcs/heading-roll-error,fcs/heading-roll-error-switch,fcs/heading-pi-controller,fcs/roll-command-selector,fcs/altitude-error,fcs/alt-error-lag,fcs/hdot-command,fcs/hdot-error,fcs/ap-alt-hold-switch,fcs/windup-trigger,fcs/altitude-hold-pid,fcs/elevator,fcs/pitch-trim-sum,fcs/elevator-control,fcs/elevator-actuator,fcs/roll-trim-sum,fcs/left-aileron-control,fcs/left-aileron-actuator,fcs/right-aileron-control,fcs/right-aileron-actuator,fcs/effective-aileron-pos,fcs/yaw-trim-sum,fcs/rudder-control,fcs/flaps-control,fcs/flap-position-normalizer,IO320 Power Available (engine 0 in ft-lbs/sec),IO320 HP (engine 0),IO320 equivalent ratio (engine 0),IO320 MAP (engine 0 in inHg),Fixed-Pitch 75-inch Two-Blade Propeller Torque (engine 0),Fixed-Pitch 75-inch Two-Blade Propeller PFactor Pitch (engine 0),Fixed-Pitch 75-inch Two-Blade Propeller PFactor Yaw (engine 0),Fixed-Pitch 75-inch Two-Blade Propeller Thrust (engine 0 in lbs),Fixed-Pitch 75-inch Two-Blade Propeller RPM (engine 0),Fuel Tank 0,Fuel Tank 1,/fdm/jsbsim/position/vrp-gc-latitude_deg,/fdm/jsbsim/position/vrp-longitude_deg,/fdm/jsbsim/position/vrp-radius-ft,velocities/pi-deg_sec
0,0,0,0,24.7804957329917,6.715576699579124,-2.873921248100319e-06,0.003627054262170481,0,-0.002073832402526141,0,0,0,1325.77196733,0,0,0,-0.5045846276534185,-5.607049850377399e-07,-1.203814143459196,-0.1079000836066425,-1.193964296526488,0.1594880636097266,-0.5046911305956839,-5.607049837089418e-07,-33.33336877373908,0,0,0,1320.391190653657,-119.3248214477856,0,0,0,0,0,0,0, 2095.734879,-10.78165492, 13.55483334,-10.78165492, 1505.011878, 3.979907608, 13.55483334, 3.979907608, 3150.439301,77.08075536,2480,45.48951612903226,4.22741935483871,35.42701612903226,4.3050179705024,4.3050000006514,-1.192708005548819e-15,-7.951386703658792e-15,7.951386703658792e-16,1,-1.040834085586084e-17,-6.938893903907228e-17,6.938893903907228e-18,-0.3384928366023935,0.6385607551370861,0.5834557258208176,0.3704621135480964,-0.3384928366023935,0.6385607551370861,0.5834557258208176,0.3704621135480964,0,0,29.593978,29.75952602518,-95.163839,-1636354.08174152,-18107108.71473717,10325659.96215431,-1636354.08174152,-18107108.71473717,10325659.96215431,0,4.3050000006514,0,0.003,0.999479828,1.52619626,34509302.9,87.4510454,3.49,-2.79618531,0,1,-0.523,0,2.08166817e-17,6.24500451e-16,0.348,0,6.24500451e-16,1.56125113e-15,4.59191508e-16,0,0,0,-1,-1.04083409e-15,0,7.95197241e-16,-7.95197241e-16,0,-7.95197241e-16,-1.38761919e-17,-2.88486317e-20,2.07878331e-17,0,0,0,-4.305,-0.0178630705,-0.00214279946,-0.00214279946,0,0,0,-0,0,0,0.002,0,0,0,0,0,0,0,0,0,0,-825,-1.5,1.29953,29.9213,0,-0,-0,0,0,130,130,29.5939786618732334,-95.1638401102004394,20908474.4785842486,0.00362705426217048129
0.1,1.184246805520148,0.2125841875491525,4.528418699151615e-05,8.081142755229365,1.523925296734494,0.0002662517412320093,1.187874337931451,0.212581968455977,-0.002027710539260469,9.871011697e-06,2840.096839,0.0911416037873,1325.86110756,-0.01599222276859924,0.08912893287117528,-0.01034766046435719,-0.1126368063738274,0.5921151015725502,0.2180981522259448,0.6106032703416191,0.1781159982277842,-0.2072978614006905,-0.1053659415022574,0.5579450583703238,-31.90952441585766,-0.01599222276859924,0.08912893287117528,-0.01034766046435719,1320.479323951201,-119.339982695835,-0.008798179518460611,0.08726285856846598,-0.0247906734991496,-0.008798179518460614,-0.01599459859248209,0.08913995416992103,-0.01024857684609659, 2095.734879,-10.78165492, 13.55483334,-10.78165492, 1505.011878, 3.979907608, 13.55483334, 3.979907608, 3150.439301,77.08075536,2480,45.48951612903226,4.22741935483871,35.42701612903226,4.3064981289208,4.3064801526038,0.06132031857354059,0.01321295172561665,7.699840285510817e-06,0.9999998501753158,0.0005351206918960198,0.0001153047749518226,5.491810514898674e-09,-0.3389017702907772,0.638336812010183,0.5836148470769936,0.3702234660279533,-0.3389031201445696,0.6383346841126498,0.5836171744858354,0.3702222303701511,-147.09538435179,77.93664399134,29.593977997143,29.759526022302,-95.163838984666,-1636222.037895279,-18107120.64897301,10325659.96198027,-1636354.077057866,-18107108.71697232,10325659.96198027,0.00041780741322404,4.3064801526038,-6.5251255625343e-09,0.00300013439,0.999479774,1.52619626,34509302.9,87.4510454,3.49,-2.79618544,0,1,-0.523,0,-0.00107024146,-0.0340547591,0.348,0,-0.0535299168,-0.133824792,-0.115312191,0,0,0,-1,0.38458969,0,7.70040747e-06,-7.70040747e-06,0,-7.70040747e-06,-1.3437211e-07,-1.84319712e-06,-0.00107208465,0,0,0,-4.30648015,-0.425910015,-0.05109086,-0.0613394368,0,0,0,-0,0,0,0.002,0,0,0,0,0,0,0,0,0,0,-825,-1.5,1.29953,29.9208,0,0,-0,0,0,130,130,29.5939786588579175,-95.1638400940017135,20908474.480499994,1.1878743379314507
0.2,1.604087258282545,0.3926572804159709,-0.000216780132630088,-0.1969140516859202,1.721577184761778,-0.006669420259823123,1.607715850680624,0.3926498376462478,-0.002287906702465752,1.838743538e-05,3876.259962,0.124393134746,1325.89232709,-0.02950734505712332,0.1203972186503655,0.01036717420499082,-0.1310584724184161,0.01034781548148966,0.149096975496547,0.02426417835274604,0.1628611798126502,-0.1894585527690988,-0.1072392050020725,-0.105326224752773,-31.97665351937313,-0.02950734505712332,0.1203972186503655,0.01036717420499082,1320.512329644718,-119.3216213561002,-0.03098028962356932,0.1193983258169056,-0.01605968302988896,-0.03098028962356932,-0.02949948186637061,0.1203591721073053,0.01082137843901635, 2095.734879,-10.78165492, 13.55483334,-10.78165492, 1505.011878, 3.979907608, 13.55483334, 3.979907608, 3150.439301,77.08075536,2480,45.48951612903226,4.22741935483871,35.42701612903226,4.3064079284668,4.3063899527949,0.2057630097790987,0.0425231658094431,7.615615736955167e-05,0.9999983190214797,0.001795619664555998,0.0003710852124680767,-1.740244808853458e-09,-0.3398553912067279,0.6378144030250399,0.5839943457764971,0.369650787179758,-0.339858086733742,0.6378101444541533,0.5839989967769457,0.369648308905334,160.64147483169,75.438131903377,29.593977990948,29.759526016086,-95.163838950073,-1636089.987807442,-18107132.58203822,10325659.95997295,-1636354.066219651,-18107108.71899984,10325659.95997295,0.00083561482644808,4.3063899527949,-3.2625627812702e-09,0.00300132918,0.999479777,1.52619626,34509302.8,87.4510454,3.49,-2.79618664,0,1,-0.523,0,-0.003591242,-0.110530299,0.348,0,-0.138460685,-0.346151713,-0.324554919,0,0,0,-1,0.654378788,0,7.61617671e-05,-7.61617671e-05,0,-7.61617671e-05,-1.32902284e-06,-1.78260096e-06,-0.0035930246,0,0,0,-4.30638995,-0.795209701,-0.0953909191,-0.0845695407,0,0,0,-0,0,0,0.002,0,0,0,0,0,0,0,0,0,0,-825,-1.5,1.29953,29.9203,0,0,-0,0,0,130,130,29.5939786523098967,-95.1638400573674801,20908474.4814264178,1.60771585068062417
0.3,1.38839890591691,0.5146992158364545,-0.001086209192965878,-5.738148485988797,0.5260011779653399,-0.01272138055130841,1.392029155245321,0.5146862094678627,-0.003154402632286088,1.522818567e-05,3527.576198,0.113203513031,1325.87692852,-0.0386570334443465,0.105067880793574,0.01677526612105973,-0.04439455585583223,-0.5086574132425382,-0.02257187369947663,-0.5019231138411198,0.1004881672783646,-0.02711508057551942,0.005226719400767008,-0.7108687888602505,-32.14854807343681,-0.0386570334443465,0.105067880793574,0.01677526612105973,1320.49797683369,-119.309349949384,-0.04221938410754821,0.1041753973072366,-0.01341810582985148,-0.04221938410754821,-0.03863054544429231,0.1049602747608897,0.0174944860855463,  2095.73487,-10.78165491, 13.55483338,-10.78165491, 1505.011877, 3.979907676, 13.55483338, 3.979907676, 3150.439293,77.08075527,2479.999997,45.48951612612142,4.227419359740296,35.42701610123618,4.3048609122634,4.3048429413442,0.359878548362528,0.08839246171686053,0.0002486228354187047,0.9999947710296987,0.003140525017709112,0.0007713726787914924,-2.528755630816715e-07,-0.3409464511578596,0.6372084585056638,0.5843551782581513,0.369120472873805,-0.3409504886408691,0.6372020666898039,0.5843621481192315,0.3691167435206275,156.54150929932,68.145581180172,29.59397798139,29.759526006508,-95.163838913878,-1635957.937066739,-18107144.51353096,10325659.95618131,-1636354.054815587,-18107108.72041792,10325659.95618131,0.0012534222396721,4.3048429413442,0,0.00300433929,0.999479833,1.52619626,34509302.8,87.4510455,3.49,-2.79618965,1,0,-0.523,-0.523,-0.529281066,-0.174,0.348,0,-0.19920843,-0.498021076,-0.499249236,-0.499249236,-0.499249236,0,-1,0.742597463,0,0.000248641149,-0.000248641149,0,-0.000248641149,-4.33878806e-06,-1.82701748e-06,-0.00628289259,0,0,0,-4.30484294,-1.12927482,-0.135464365,-0.117969879,0,0,0,-0,0,0,0.002,-0.499249236,-0.174237983,-0.0785,0.130678488,0.0785,-0.157,0,0,0,0,124.454,0.22628,1.29953,29.8765,62.8659,0.00457904,-0.00284047,0.0262801,21.899,130,130,29.5939786421955446,-95.1638400189842883,20908474.4810267799,1.39202915524532078
0.4,0.5730196432008557,0.4961317803563596,-0.002613568361279483,-9.56098622436466,-0.9760326452632025,-0.01604794046598143,0.5766517640347688,0.4961150160040003,-0.004678446241164973,3.905636639e-06,1786.480357,0.0573299723476,1325.81497771,-0.0372455479090936,0.04306552830339551,0.006697399665146252,0.06929834836462606,-0.7158599913721322,-0.1592520245316964,-0.7127836755009038,0.05248344455707901,0.1415007103084859,0.1479188990600397,-0.9763229538683744,-32.28689672093191,-0.0372455479090936,0.04306552830339551,0.006697399665146252,1320.436401090679,-119.302407777609,-0.03586140501607546,0.04172948865022293,-0.01610388576206878,-0.03586140501607547,-0.03722852382480209,0.04300954000466652,0.007137381297575532,  2095.73478,-10.78165484, 13.55483379,-10.78165484, 1505.011871, 3.979908366, 13.55483379, 3.979908366, 3150.439206,77.08075431,2479.999966,45.48951609473514,4.227419412591847,35.42701580152394,4.3035103455186,4.3034923812816,0.4643699980527187,0.1402795485433491,0.0004516750248631577,0.9999910397898516,0.004052373753814182,0.001224175613195874,-1.0192299048051e-06,-0.3417913656679805,0.636729227993879,0.5845380255703707,0.3688764688014516,-0.3417967454108935,0.6367207028891545,0.5845473117137137,0.368871483998333,169.80615737534,48.693301890299,29.593977970724,29.759525995815,-95.163838889931,-1635825.890143513,-18107156.44408132,10325659.95213511,-1636354.047316012,-18107108.7218565,10325659.95213511,0.0016712296528962,4.3034923812816,-3.2625627812802e-09,0.00300788322,0.999479882,1.52619626,34509302.8,87.4510455,3.49,-2.79619319,1,0,-0.523,-0.523,-0.531104785,-0.174,0.348,0,-0.185381851,-0.463454629,-0.467477872,-0.467477872,-0.467477872,0,-1,0.598731814,0,0.000451708296,-0.000451708296,0,-0.000451708296,-7.88230976e-06,-2.04142841e-06,-0.00810682684,0,0,0,-4.30349239,-1.43139808,-0.17170617,-0.164568788,0,0,0,-0,0,0,0.002,-0.467477872,-0.163149777,-0.163149777,0.122362333,0.122362333,-0.28551211,0,0,0,0,344.077,0.625595,1.29953,29.6497,60.6108,0.00529798,-0.0085107,0.2161,57.0887,130,130,29.5939786308923551,-95.1638399935488195,20908474.4805448502,0.57665176403476881
0.5,-0.3572879098673751,0.360086070734745,-0.00414878759499176,-8.150698843722498,-1.373792161426518,-0.01520205298500776,-0.3536542097822739,0.36006883462262,-0.006210881206462908,1.827157464e-06,1221.913083,0.0392124342454,1325.74521172,-0.02703181877373612,-0.02683477376625959,-0.009316152110410749,0.1051615133856756,-0.6228539761163727,-0.1065766757435597,-0.6148300132756876,0.107386431140946,0.146411435784133,0.2082454168920197,-0.8909742648182468,-32.23451362773591,-0.02703181877373612,-0.02683477376625959,-0.009316152110410749,1320.366946458961,-119.2958203372192,-0.01880105875876116,-0.02859531789026031,-0.01914270053444202,-0.01880105875876116,-0.02706210988192289,-0.026756340791048,-0.009452800413570042, 2095.734603, -10.7816547, 13.55483459, -10.7816547, 1505.011859, 3.979909712, 13.55483459, 3.979909712, 3150.439036,77.08075241,2479.999905,45.48951603297164,4.22741951659578,35.42701521173512,4.3036730997264,4.3036551337625,0.478045254911489,0.1841283296282407,0.0004850982269328224,0.9999900074305382,0.004171707547987172,0.001606825785670522,-2.469973171651198e-06,-0.3420899401410889,0.6365455712581466,0.5844530339158597,0.3690512968578395,-0.3420966679954868,0.6365349164055328,0.5844646382275104,0.3690450603985543,-160.98417815718,-43.183997534131,29.593977961822,29.759525986882,-95.16383888761,-1635693.85005716,-18107168.37404345,10325659.94939549,-1636354.04674033,-18107108.72366957,10325659.94939549,0.0020890370661202,4.3036551337625,-3.2625627812846e-09,0.00300846656,0.999479876,1.52619626,34509302.8,87.4510455,3.49,-2.79619377,1,0,-0.523,-0.523,-0.531343464,-0.174,0.348,0,-0.168992936,-0.422482341,-0.426352906,-0.426352906,-0.426352906,0,-1,0.332052245,0,0.00048513396,-0.00048513396,0,-0.00048513396,-8.4655876e-06,-2.35876297e-06,-0.00834582243,0,0,0,-4.30365514,-1.70470975,-0.204491805,-0.213944606,0,0,0,-0,0,0,0.002,-0.426352906,-0.148797164,-0.148797164,0.111597873,0.111597873,-0.260395037,0,0,0,0,539.164,0.980299,1.29953,29.4236,58.4384,-0.00549945,-0.0122531,0.570804,90.8639,130,130,29.5939786214482368,-95.1638399910325035,20908474.4809849076,-0.353654209782273798
0.6,-0.9643854216050941,0.2612199170117688,-0.00548740851116992,-3.261068898383511,-0.5656876118605639,-0.008375063129186962,-0.9607506138288293,0.2612051420181432,-0.007547568112672754,6.959849321e-06,2384.801521,0.0765307099796,1325.69965045,-0.01959009339285392,-0.07242752410893435,-0.01508083427059973,0.04485661867757704,-0.2623320065256335,-0.01969471936879061,-0.252281317898762,0.1243160167397764,0.04895281817454136,0.1651884865897682,-0.4927558109029785,-32.14690001867819,-0.01959009339285392,-0.07242752410893435,-0.01508083427059973,1320.322296622154,-119.2836792975947,-0.009350523910612757,-0.07411505971270338,-0.0166275433052442,-0.009350523910612753,-0.01964815843119481,-0.07231771052430576,-0.01552572654575901, 2095.734342,-10.78165449, 13.55483576,-10.78165449, 1505.011841, 3.979911679, 13.55483576, 3.979911679, 3150.438787,77.08074963,2479.999816,45.48951594243055,4.227419669058474,35.42701434714484,4.3049965500832,4.3049785754924,0.4104716423551124,0.2149192979417021,0.0002462581128339077,0.9999918257261331,0.003582022831821616,0.001875519253397408,-4.569197816370462e-06,-0.3418699991414961,0.6366455709123739,0.5841460285223536,0.3695683131522675,-0.3418780838636099,0.6366327917799834,0.5841599558607259,0.3695608341977887,-142.4102249033,-71.153092381725,29.593977955574,29.759525980602,-95.163838904178,-1635561.815900765,-18107180.30302999,10325659.94806979,-1636354.052181609,-18107108.72546964,10325659.94806979,0.0025068444793442,4.3049785754924,-3.2625627812877e-09,0.00300429801,0.999479828,1.52619626,34509302.8,87.4510455,3.49,-2.79618961,1,0,-0.523,-0.523,-0.530164082,-0.174,0.348,0,-0.157710438,-0.394276094,-0.396240559,-0.396240559,-0.396240559,0,-1,0.0812777165,0,0.000246276253,-0.000246276253,0,-0.000246276253,-4.29752061e-06,-2.57212229e-06,-0.00716665377,0,0,0,-4.30497858,-1.95209279,-0.234167097,-0.249692823,0,0,0,-0,0,0,0.002,-0.396240559,-0.138287955,-0.138287955,0.103715966,0.103715966,-0.242003921,0,0,0,0,712.635,1.2957,1.29953,29.297,56.4366,-0.0200323,-0.0134485,1.06919,123.224,130,130,29.5939786148157076,-95.1638400085652307,20908474.482031215,-0.960750613828829314
0.7,-1.035731979201772,0.2261785250715353,-0.00553187959598092,2.138241269379628,-0.1941512088368103,0.0100164902500768,-1.032096301792968,0.2261675327283415,-0.007590527793707727,7.790534315e-06,2523.108563,0.0809691268525,1325.69425044,-0.01694439139520739,-0.0777976294639683,-0.01471108266877787,0.0151146965111871,0.1450050513344437,0.02032969350469052,0.1551685130005134,0.1102151722505368,0.001971751801935693,0.1490233801893491,-0.02697654566367053,-32.10702333413276,-0.01694439139520739,-0.0777976294639683,-0.01471108266877787,1320.317942882908,-119.2718545494569,-0.007291450072889043,-0.07933859436220421,-0.0144298892483169,-0.007291450072889051,-0.01700759937282005,-0.07771784265374111,-0.01505582943834365, 2095.734002,-10.78165423, 13.55483728,-10.78165423, 1505.011817, 3.979914243, 13.55483728, 3.979914243, 3150.438461,77.080746,2479.999699,45.48951582423184,4.227419868094031,35.42701321844769,4.3065610826015,4.306543106864,0.3062285137743489,0.2391133213998881,359.9998323983776,0.9999942522102817,0.002672341967741013,0.002086644498209813,-7.038855456412315e-06,-0.3414122012538954,0.6368753860959214,0.5837405544641773,0.3702356229403053,-0.3414216504452862,0.6368604874271084,0.5837568088639994,0.3702269091601029,-139.03555782718,-73.910670214119,29.593977950631,29.75952597563,-95.163838928898,-1635429.784231381,-18107192.23079444,10325659.94727654,-1636354.060196883,-18107108.72701025,10325659.94727654,0.0029246518925683,4.306543106864,0,6.28618238,0.999479772,1.52619626,34509302.8,87.4510455,3.49,-2.79618238,1,0,-0.523,-0.523,-0.528344696,-0.174,0.348,0,-0.155670703,-0.389176756,-0.388734026,-0.388734026,-0.388734026,0,-1,-0.0443685953,0,360.02635,-360.02635,360,-0.0263504874,-0.000459816006,-1.10789121e-05,-0.00535577474,0,0,0,-4.30654312,-2.17607681,-0.261035503,-0.276091333,0,0,0,-0,0,0,0.002,-0.388734026,-0.135668175,-0.135668175,0.101751131,0.101751131,-0.237419306,0,0,0,0,867.543,1.57735,1.29953,29.2878,54.6192,-0.0270259,-0.0148086,1.69173,154.206,130,130,29.5939786095685307,-95.1638400347716953,20908474.4830646105,-1.0320963017929683
0.8,-0.6400060261578175,0.206638708059684,-0.003701044327635398,5.599287195355634,-0.2427104381181733,0.02658520963464872,-0.6363695671210636,0.2066309220978491,-0.005758326152593899,3.206397168e-06,1618.679877,0.0519450896808,1325.72391299,-0.01547881860952966,-0.04810165000782058,-0.01203867862026334,0.01772619726924902,0.4132866207122011,0.02954558528715741,0.4233245300973583,0.09528580314864278,-0.000222404498191095,0.1638588323630095,0.2910145861231699,-32.09885729969375,-0.01547881860952966,-0.04810165000782058,-0.01203867862026334,1320.348647504213,-119.26165540794,-0.007454778563504797,-0.04950375097337877,-0.01385991551483567,-0.007454778563504802,-0.01553476709117627,-0.0480553868512881,-0.01215084967973544, 2095.733585, -10.7816539, 13.55483915, -10.7816539, 1505.011789, 3.979917387, 13.55483915, 3.979917387, 3150.438062,77.08074155,2479.999556,45.48951567919899,4.227420112315748,35.42701183350742,4.3079284355044,4.3079104495083,0.217813927223227,0.2608743823847002,359.9994474785447,0.9999956021226744,0.001900789999914147,0.002276543209385028,-9.148880115267652e-06,-0.3410299911453232,0.6370658316175752,0.583392579203602,0.3708082656238897,-0.3410408069063112,0.6370488146834594,0.5834111611846512,0.3707983181464938,-142.12594471644,-67.821084781235,29.593977946176,29.759525971148,-95.163838949425,-1635297.751126418,-18107204.15745715,10325659.9465403,-1636354.066863557,-18107108.72841194,10325659.9465403,0.0033424593057923,4.3079104495083,-3.2625627812924e-09,6.28617566,0.999479723,1.52619626,34509302.8,87.4510454,3.49,-2.79617566,1,0,-0.523,-0.523,-0.52680157,-0.174,0.348,0,-0.162040908,-0.40510227,-0.40289342,-0.40289342,-0.40289342,0,-1,-0.0132302129,0,360.025966,-360.025966,360,-0.0259655392,-0.00045309866,-3.2789435e-05,-0.00383435962,0,0,0,-4.30791047,-2.37888706,-0.285363966,-0.297514816,0,0,0,-0,0,0,0.002,-0.40289342,-0.140609804,-0.140609804,0.105457353,0.105457353,-0.246067156,0,0,0,0,1005.62,1.82839,1.29953,29.3357,52.9309,-0.0199987,-0.0164152,2.4204,183.842,130,130,29.593978604840089,-95.163840056556694,20908474.4839862846,-0.636369567121063628
0.9,-0.03739287785999756,0.1763396092399487,-0.0007415524994871257,5.92346659113655,-0.3445889903065048,0.03023845506722472,-0.03375572332323286,0.1763331587686233,-0.002797609094429984,3.16327901e-07,508.4181605,0.0163156582056,1325.7691384,-0.01321554268146057,-0.002859074329448849,-0.00913103654001509,0.02553463651297627,0.4477573443255266,0.03450757859715307,0.45846773235226,0.09970975338302296,0.004510658130753182,0.1825539095596949,0.3462382156181251,-32.09446066860683,-0.01321554268146057,-0.002859074329448849,-0.00913103654001509,1320.394900978346,-119.2523113723157,-0.007006721235518739,-0.004120032249469375,-0.01414679802898781,-0.007006721235518734,-0.01326012666449503,-0.002830041851234404,-0.009075274466577849, 2095.733094,-10.78165351, 13.55484135,-10.78165351, 1505.011755, 3.979921089, 13.55484135, 3.979921089, 3150.437592,77.0807363,2479.999387,45.48951550831643,4.22742040006595,35.42701020172445,4.3089878186584,4.3089698332139,0.1810322582665179,0.2802498719977866,359.9992751662929,0.9999957614887746,0.001579814567379864,0.002445626014615465,-1.018897048351895e-05,-0.3409233497858991,0.6371113356755332,0.5832171937350621,0.3711039213701443,-0.3409355271984671,0.6370921973417081,0.5832380999221305,0.3710927339351177,-145.35817809607,-10.092333812105,29.593977942218,29.759525967169,-95.163838957537,-1635165.713979048,-18107216.08315482,10325659.9458098,-1636354.0695748,-18107108.7298116,10325659.9458098,0.0037602667190164,4.3089698332139,-6.5251255625888e-09,6.28617266,0.999479684,1.52619626,34509302.8,87.4510454,3.49,-2.79617266,1,0,-0.523,-0.523,-0.526159609,-0.174,0.348,0,-0.172467998,-0.431169995,-0.428492176,-0.428492176,-0.428492176,0,-1,0.131935791,0,360.025793,-360.025793,360,-0.0257932143,-0.000450091589,-5.31949604e-05,-0.00321280392,0,0,0,-4.30896984,-2.56251258,-0.307391091,-0.316466366,0,0,0,-0,0,0,0.002,-0.428492176,-0.14954377,-0.14954377,0.112157827,0.112157827,-0.261701597,0,0,0,0,1127.63,2.05024,1.29953,29.3809,51.3181,-0.00141524,-0.0173339,3.23769,212.137,130,130,29.5939786006420356,-95.1638400651921899,20908474.4849056713,-0.0337557233232328585
1,0.4577017030650765,0.1669048283340671,0.001783095090077332,3.547702183187294,0.2422535957947243,0.017632322662811,0.4613394559814124,0.1668976267487247,-0.0002719001194922068,1.598052712e-06,1142.741114,0.0366717303997,1325.80632071,-0.01255521647778269,0.03434246349216922,-0.002788826096324205,-0.01677195030604149,0.2761398368229839,0.07710189359040667,0.28886100374266,0.1312318325167322,-0.05316262911567741,0.1496219266617878,0.1629570859786877,-32.05150710888427,-0.01255521647778269,0.03434246349216922,-0.002788826096324205,1320.433338423446,-119.2400885518083,-0.009619042170793445,0.03344793976884055,-0.01155530888583306,-0.009619042170793447,-0.01256850247076228,0.03435221237029669,-0.002602702714291063, 2095.732532,-10.78165307, 13.55484386,-10.78165307, 1505.011716, 3.979925325, 13.55484386, 3.979925325, 3150.437053,77.0807303,2479.999194,45.4895153127129,4.227420729443937,35.4270083338773,4.3096106983721,4.3095927068539,0.2018801790230989,0.2969290208716541,359.9993813001915,0.9999950909652534,0.00176174407376132,0.002591178096708795,-9.964143436923839e-06,-0.3411243023820418,0.6369955352766176,0.5832347886207624,0.3710903929024779,-0.3411378323244003,0.6369742697774666,0.5832580134565775,0.3710779550676105,-167.47650661666,69.469120717578,29.593977938791,29.759525963725,-95.163838952119,-1635033.672425835,-18107228.00780211,10325659.94503173,-1636354.067967165,-18107108.731124,10325659.94503173,0.0041780741322404,4.3095927068539,-3.2625627812961e-09,6.28617451,0.999479662,1.52619626,34509302.8,87.4510454,3.49,-2.79617451,1,0,-0.523,-0.523,-0.526523474,-0.174,0.348,0,-0.18143546,-0.453588649,-0.451753062,-0.451753062,-0.451753062,0,-1,0.302579847,0,360.025899,-360.025899,360,-0.025899356,-0.000451943762,-7.25790039e-05,-0.00359605282,0,0,0,-4.30959272,-2.72874626,-0.327331953,-0.329934656,0,0,0,-0,0,0,0.002,-0.451753062,-0.157661819,-0.157661819,0.118246364,0.118246364,-0.275908183,0,0,0,0,1234.88,2.24524,1.29953,29.4203,49.7783,0.0185598,-0.0166932,4.12681,239.091,130,130,29.5939785970103451,-95.1638400594778489,20908474.4857301228,0.461339455981412405
1.1,0.6602189628660674,0.2018190790683273,0.002716190018930209,0.1801961494099844,0.3453201854282928,-0.0005704043640142799,0.663857367807082,0.2018097881071183,0.0006623578403586332,3.211543121e-06,1619.978243,0.0519867575619,1325.82153846,-0.0151964729128751,0.04958657309164156,0.003586354951056474,-0.02661075913851126,0.02444811570710244,0.0407770110632141,0.03488990014624172,0.1170949693901087,-0.04357095252538276,0.150000646257724,-0.1212411744624141,-32.08733093954799,-0.0151964729128751,0.04958657309164156,0.003586354951056474,1320.449754866211,-119.2274988631848,-0.01510681674470343,0.04899507007523931,-0.008595938457420609,-0.01510681674470344,-0.01517501527822924,0.04956988784475487,0.003894623494428988, 2095.731902,-10.78165257, 13.55484668,-10.78165257, 1505.011673,  3.97993007, 13.55484668,  3.97993007, 3150.436449,77.08072357,2479.998977,45.48951509353407,4.227421098520526,35.42700624090606,4.3095144443214,4.3094964550071,0.2597347962539186,0.3151132548210756,359.9996905311773,0.9999936502986589,0.002266610603990856,0.002749865255899788,-8.93351457432122e-06,-0.3415391714841015,0.6367655352821203,0.5833666094576582,0.3708962744335734,-0.3415540466099817,0.6367421378997763,0.5833921475097786,0.3708825761492409,166.72120889889,72.521714919829,29.593977935011,29.759525959932,-95.163838938228,-1634901.628057282,-18107239.93116927,10325659.94378658,-1636354.063631126,-18107108.73211936,10325659.94378658,0.0045958815454644,4.3094964550071,-3.2625627812979e-09,6.28617991,0.999479665,1.52619626,34509302.8,87.4510455,3.49,-2.79617991,1,0,-0.523,-0.523,-0.527533227,-0.174,0.348,0,-0.18545586,-0.463639651,-0.463226519,-0.463226519,-0.463226519,0,-1,0.421416805,0,360.026209,-360.026209,360,-0.0262086098,-0.000457340241,-9.12041241e-05,-0.0046244315,0,0,0,-4.30949647,-2.87918505,-0.345378128,-0.341483504,0,0,0,-0,0,0,0.002,-0.463226519,-0.161666055,-0.161666055,0.121249541,0.121249541,-0.282915596,0,0,0,0,1328.68,2.41578,1.29953,29.4545,48.3114,0.02973,-0.0178584,5.07206,264.714,129.999,129.999,29.5939785930082273,-95.1638400447628783,20908474.486068923,0.663857367807082155
1.2,0.5376571327638526,0.2201995950469511,0.001918211892586463,-2.665335335600103,-0.0580866741698169,-0.01537585537297546,0.5412963028915482,0.2201880373138227,-0.0001342526393821856,2.289665606e-06,1367.849561,0.043895689937,1325.81234155,-0.01657448648744464,0.04039879636806447,0.004478308244452535,0.002968523331605591,-0.1930258779045,-0.02249227330757229,-0.1851458767018528,0.09502970037938474,0.01396525610561676,0.1915588363727333,-0.3739413701054314,-32.15053646448539,-0.01657448648744464,0.04039879636806447,0.004478308244452535,1320.441474291966,-119.2169354220079,-0.01674835372333922,0.03984513422558787,-0.007660908637097275,-0.01674835372333923,-0.01654660034208242,0.04037293146090032,0.004802917594129608, 2095.731207,-10.78165202, 13.55484979,-10.78165202, 1505.011625, 3.979935299, 13.55484979, 3.979935299, 3150.435784,77.08071615,2479.998738,45.48951485192877,4.227421505361181,35.42700393378116,4.3090244494379,4.3090064619081,0.3225542143131991,0.3364665013519731,4.721402025602705e-05,0.99999172772398,0.002814799467321571,0.002936209444208895,-7.852892791884045e-06,-0.3419976965838632,0.6365103465412838,0.5835048047786716,0.3706943445447085,-0.342013915131257,0.6364848160272197,0.5835326532600358,0.3706793808707042,164.88012504189,66.975294662877,29.593977930592,29.759525955502,-95.163838923481,-1634769.583311062,-18107251.85337205,10325659.9421448,-1636354.059004353,-18107108.73291329,10325659.9421448,0.0050136889586885,4.3090064619081,0,0.00300082404,0.999479683,1.52619626,34509302.8,87.4510455,3.49,-2.79618613,1,0,-0.523,-0.523,-0.528629633,-0.174,0.348,0,-0.183744739,-0.459361847,-0.460293556,-0.460293556,-0.460293556,0,-1,0.447147855,0,4.72174981e-05,-4.72174981e-05,0,-4.72174981e-05,-8.23945342e-07,-0.000106334621,-0.00573596768,0,0,0,-4.30900648,-3.01527493,-0.361703063,-0.356900145,0,0,0,-0,0,0,0.002,-0.460293556,-0.160642451,-0.160642451,0.120481838,0.120481838,-0.281124289,0,0,0,0,1410.3,2.56417,1.29953,29.4842,46.917,0.0264478,-0.0199724,6.05901,289.022,129.999,129.999,29.5939785883285822,-95.1638400291203368,20908474.4860580526,0.541296302891548176
1.3,0.2002644956917757,0.1921703688317107,3.658589219755007e-05,-3.859444150037677,-0.5126073261027567,-0.02091829070051036,0.2039044221976743,0.1921573945071049,-0.002014528476396793,5.168447316e-07,649.8787749,0.0208552737251,1325.78701496,-0.01444118635726978,0.01504604094850742,-0.0001059741457481635,0.03771299206053266,-0.2889528259382017,-0.0623314712289792,-0.282043997274452,0.08509319433264709,0.06430281174798308,0.2381291763695884,-0.4918965168032075,-32.19051711778215,-0.01444118635726978,0.01504604094850742,-0.0001059741457481635,1320.41684490974,-119.2080725506665,-0.01257581901653005,0.01434631297469621,-0.008424637810889443,-0.01257581901653005,-0.01444104812638855,0.0150463383976658,7.919585457168097e-05, 2095.730451,-10.78165143, 13.55485316,-10.78165143, 1505.011573, 3.979940987, 13.55485316, 3.979940987,  3150.43506,77.08070808,2479.998479,45.48951458903984,4.227421948041496,35.42700142341558,4.3087456002831,4.308727618,0.3619160424340642,0.3575878180817806,0.0002847912633855218,0.9999901436899841,0.00315828489466131,0.00312052961637975,-7.370369983864131e-06,-0.3423242181807196,0.6363250655126864,0.5835684297613198,0.3706108854757804,-0.3423417842879546,0.6362974043852485,0.5835985901168822,0.370594659320291,-179.57955238926,46.174339997675,29.593977926264,29.759525951162,-95.163838914497,-1634637.540314266,-18107263.774614,10325659.94063602,-1636354.056213944,-18107108.73370913,10325659.94063602,0.0054314963719125,4.308727618,0,0.00300497055,0.999479693,1.52619626,34509302.8,87.4510455,3.49,-2.79619028,1,0,-0.523,-0.523,-0.529316627,-0.174,0.348,0,-0.178053087,-0.445132718,-0.446770765,-0.446770765,-0.446770765,0,-1,0.384736462,0,0.000284812242,-0.000284812242,0,-0.000284812242,-4.96997361e-06,-0.000101304033,-0.00641793059,0,0,0,-4.30872763,-3.13837318,-0.376469557,-0.376390361,0,0,0,-0,0,0,0.002,-0.446770765,-0.155922997,-0.155922997,0.116942248,0.116942248,-0.272865244,0,0,0,0,1480.94,2.69262,1.29953,29.5098,45.5943,0.0105719,-0.0208303,7.07452,312.039,129.999,129.999,29.5939785837409062,-95.1638400195745362,20908474.4861133993,0.203904422197674268
1.4,-0.1668181814675816,0.1333764680416415,-0.001937545958403315,-3.1213126888981,-0.5025050736482601,-0.01724436235202432,-0.1631776623244191,0.1333634049029132,-0.00398760770800274,3.439989423e-07,530.1891777,0.0170143124174,1325.75945737,-0.01000341362192837,-0.01254747215718772,-0.005655040707964267,0.03907949208899184,-0.2391333106859936,-0.02987840806963974,-0.2300259076665779,0.1096610351888422,0.04941850120940371,0.2487658147833123,-0.4435728437424474,-32.1580401202304,-0.01000341362192837,-0.01254747215718772,-0.005655040707964267,1320.390015901766,-119.1987612153509,-0.005902366973339152,-0.01335203548076521,-0.008739109775482758,-0.005902366973339153,-0.01004058287760171,-0.01251128983028314,-0.005669316475218265, 2095.729638,-10.78165078,  13.5548568,-10.78165078, 1505.011517, 3.979947111,  13.5548568, 3.979947111, 3150.434281,77.08069939,2479.998199,45.48951430599609,4.227422424660611,35.42699872058877,4.3090565465391,4.3090385621757,0.3645556030227122,0.3741464450981398,0.000300825757821527,0.999989609317818,0.003181316894586442,0.003265029703565448,-7.762030807433561e-06,-0.342422908956568,0.6362631677797441,0.5835279883084432,0.3706896540359721,-0.3424418302915618,0.636233380878467,0.5835604654775449,0.3706721746424352,-150.52004223754,-47.515978924111,29.593977922906,29.75952594779,-95.163838914232,-1634505.50001634,-18107275.69498018,10325659.9397257,-1636354.056209348,-18107108.7345918,10325659.9397257,0.0058493037851365,4.3090385621757,0,0.0030052504,0.999479682,1.52619626,34509302.8,87.4510455,3.49,-2.79619056,1,0,-0.523,-0.523,-0.529362696,-0.174,0.348,0,-0.171560625,-0.428901564,-0.430397491,-0.430397491,-0.430397491,0,-1,0.276663652,0,0.000300847917,-0.000300847917,0,-0.000300847917,-5.24979615e-06,-9.66293692e-05,-0.00645932495,0,0,0,-4.30903858,-3.24975806,-0.389830933,-0.39550025,0,0,0,-0,0,0,0.002,-0.430397491,-0.150208724,-0.150208724,0.112656543,0.112656543,-0.262865268,0,0,0,0,1541.77,2.80321,1.29953,29.5317,44.3419,-0.00964616,-0.0188269,8.1068,333.794,129.999,129.999,29.5939785801774491,-95.1638400192721576,20908474.486513596,-0.163177662324419104
1.5,-0.3938601840399987,0.1009208000141749,-0.003242820474928421,-1.139204707175053,-0.1461714165358355,-0.006828251673150653,-0.390219251849744,0.1009087809164045,-0.005292154947812901,1.164543807e-06,975.5066119,0.0313050043615,1325.74239974,-0.007553216298996043,-0.02960933363865277,-0.006799969344656585,0.01189110101409868,-0.0925464731843703,0.002191796456365313,-0.08286865139202002,0.1120276031967579,0.009435389010718678,0.2280504946224217,-0.28091077268951,-32.12587058453924,-0.007553216298996043,-0.02960933363865277,-0.006799969344656585,1320.373907618399,-119.1874764213561,-0.003161614388925494,-0.03032937128785992,-0.007080729468891007,-0.003161614388925498,-0.007599930271732484,-0.02956898235192448,-0.006922401361458798, 2095.728769, -10.7816501, 13.55486068, -10.7816501, 1505.011457, 3.979953646, 13.55486068, 3.979953646, 3150.433449,77.08069011,2479.997901,45.4895140039056,4.227422933352666,35.42699583588172,4.3097132258117,4.3096952358678,0.335834475847292,0.3856922448724429,0.0001098738916849277,0.9999900412109828,0.002930684649689709,0.003365781786800939,-8.905324841443765e-06,-0.3423213720559326,0.6363102889263106,0.5834020167059984,0.3709007702117011,-0.3423416564269901,0.6362783812152178,0.5834368161919959,0.3708820478059217,-138.00409383696,-71.055567193407,29.593977920557,29.759525945428,-95.163838921252,-1634373.461944172,-18107287.614293,10325659.93930594,-1636354.058517428,-18107108.73538372,10325659.93930594,0.0062671111983606,4.3096952358678,0,0.00300191766,0.999479658,1.52619626,34509302.8,87.4510455,3.49,-2.79618722,1,0,-0.523,-0.523,-0.528861417,-0.174,0.348,0,-0.167318529,-0.418296323,-0.419009584,-0.419009584,-0.419009584,0,-1,0.179480746,0,0.000109881985,-0.000109881985,0,-0.000109881985,-1.91744064e-06,-9.21022363e-05,-0.00595351958,0,0,0,-4.30969526,-3.3505933,-0.401926795,-0.408849196,0,0,0,-0,0,0,0.002,-0.419009584,-0.146234345,-0.146234345,0.109675759,0.109675759,-0.255910103,0,0,0,0,1593.84,2.8979,1.29953,29.5505,43.1583,-0.0240158,-0.015971,9.14541,354.321,129.999,129.999,29.5939785776841759,-95.1638400267023314,20908474.4870455153,-0.390219251849744042
1.6,-0.4075184143641173,0.09342831547684273,-0.003291657943409145,0.9743390103782169,-0.0378751382184216,0.006938380516883123,-0.4038771369537059,0.09341781230995683,-0.005340387295570922,1.214899652e-06,996.3742691,0.0319746693153,1325.74136165,-0.006988736091820198,-0.03063785380402648,-0.005904147690191612,0.002835537349891809,0.06723383001882262,0.01276575879036287,0.07671337101919218,0.1032053364979612,-0.004079773347197557,0.22441009003954,-0.09769194746985564,-32.11537621939708,-0.006988736091820198,-0.03063785380402648,-0.005904147690191612,1320.373839190196,-119.1766871873232,-0.003118693274013701,-0.0312668045472841,-0.005919473244315012,-0.003118693274013704,-0.007030486360949219,-0.03060712868416265,-0.006012937141299609, 2095.727849,-10.78164937, 13.55486479,-10.78164937, 1505.011394, 3.979960568, 13.55486479, 3.979960568, 3150.432568,77.08068029,2479.997585,45.48951368384994,4.227423472296374,35.42699277962263,4.3103691749275,4.3103511787475,0.2940440918934758,0.3953452689528797,359.9998249520862,0.9999907564042568,0.002566005957674935,0.003450016190487527,-1.038040290851057e-05,-0.3421373452056568,0.6364021204917439,0.5832397634742887,0.3711680971631222,-0.342158997427055,0.63636809499744,0.583276888221419,0.3711481372926183,-139.80857277797,-73.37371679906,29.593977918578,29.759525943436,-95.163838931157,-1634241.424690925,-18107299.53249341,10325659.93900286,-1636354.06173133,-18107108.73602595,10325659.93900286,0.0066849186115846,4.3103511787475,-3.2625627813061e-09,6.28618225,0.999479634,1.52619626,34509302.8,87.4510455,3.49,-2.79618225,1,0,-0.523,-0.523,-0.528132038,-0.174,0.348,0,-0.166768353,-0.416920883,-0.416685353,-0.416685353,-0.416685353,0,-1,0.133658062,0,360.026343,-360.026343,360,-0.0263430406,-0.000459686058,-0.000101819236,-0.00523385679,0,0,0,-4.3103512,-3.44189689,-0.412879268,-0.418892205,0,0,0,-0,0,0,0.002,-0.416685353,-0.145423188,-0.145423188,0.109067391,0.109067391,-0.254490579,0,0,0,0,1638.17,2.97849,1.29953,29.5665,42.0417,-0.0262107,-0.0149344,10.1812,373.659,129.999,129.999,29.5939785755832787,-95.1638400372044089,20908474.4874882922,-0.403877136953705917
1.7,-0.2410072796630441,0.08692786207916033,-0.002095799385898736,2.275472512041663,-0.1136276320462142,0.01661378190394391,-0.2373656766042164,0.08691860111265638,-0.004143955837670017,4.664769451e-07,617.4010869,0.0198130325635,1325.75385907,-0.006505213690499252,-0.01813102108041406,-0.004637297573436392,0.008149183173606939,0.168404501583877,0.01151639360419181,0.1776672352450233,0.09586319523057621,0.001035129983378888,0.2348358871124891,0.02270303857659303,-32.11682434277922,-0.006505213690499252,-0.01813102108041406,-0.004637297573436392,1320.387281499908,-119.1667809632378,-0.003356470925853391,-0.01869351717078838,-0.005642940551823822,-0.003356470925853391,-0.006538497073690016,-0.01810976029265544,-0.004673424603220271,  2095.72688,-10.78164861, 13.55486912,-10.78164861, 1505.011327, 3.979967856, 13.55486912, 3.979967856,  3150.43164,77.08066994,2479.997252,45.48951334687955,4.227424039722897,35.42698956184229,4.3109021708369,4.3108841788285,0.2598004164383529,0.4044536812219233,359.9995861005832,0.999991201150661,0.002267183016825406,0.003529499616344801,-1.161398758360509e-05,-0.3419925971938869,0.6364733886087154,0.5831032034845567,0.3713937844708318,-0.3420156166295098,0.6364372449133666,0.5831426528801479,0.3713725860379614,-144.51650190224,-66.220756992214,29.59397791671,29.759525941558,-95.1638389391,-1634109.386719343,-18107311.44966037,10325659.93867439,-1636354.064313799,-18107108.73659761,10325659.93867439,0.0071027260248087,4.3108841788285,3.262562781307e-09,6.28617808,0.999479615,1.52619626,34509302.8,87.4510455,3.49,-2.79617808,1,0,-0.523,-0.523,-0.527534373,-0.174,0.348,0,-0.16947181,-0.423679525,-0.422771752,-0.422771752,-0.422771752,0,-1,0.149735582,0,360.026104,-360.026104,360,-0.0261041715,-0.000455517792,-0.000119162521,-0.00465353519,0,0,0,-4.3108842,-3.52456854,-0.422796284,-0.427469709,0,0,0,-0,0,0,0.002,-0.422771752,-0.147547342,-0.147547342,0.110660506,0.110660506,-0.258207848,0,0,0,0,1675.66,3.04666,1.29953,29.5799,40.9898,-0.0162938,-0.0145705,11.2063,391.848,129.999,129.999,29.5939785736010741,-95.1638400456365048,20908474.4878518358,-0.237365676604216369
1.8,-0.0003001384049779597,0.07143182816640395,-0.0003099465581710624,2.310657529769368,-0.1790154286736981,0.01744063197967107,0.003341752371748853,0.07142304569764399,-0.002357593475269157,4.951293543e-08,201.1461077,0.00645498446097,1325.77193438,-0.005348665052725715,-5.008863019191897e-05,-0.003613322248886343,0.01331731635415243,0.1753649817843908,0.01313376782068766,0.1849617551867779,0.09909203892441912,0.004795680387845724,0.2445223508561194,0.03706119730055865,-32.11528458281119,-0.005348665052725715,-5.008863019191897e-05,-0.003613322248886343,1320.406290242075,-119.1572519105401,-0.002891285667268359,-0.0005537725262440996,-0.005744617269803175,-0.002891285667925955,-0.005374542087541695,-3.448627980386777e-05,-0.003574903138078837, 2095.725866,-10.78164781, 13.55487365,-10.78164781, 1505.011258, 3.979975486, 13.55487365, 3.979975486, 3150.430668,77.08065911,2479.996903,45.48951299401001,4.227424633922118,35.42698619223849,4.3113130517304,4.311295055012,0.2466421224860683,0.4125033044292365,359.9994925108804,0.9999912045242146,0.002152358890636593,0.003599744773881006,-1.217661301901913e-05,-0.3419600526789304,0.636485906466643,0.5830372492600929,0.3715058267960565,-0.3419844334993825,0.636447640946241,0.5830790199398184,0.3714833834747023,-145.95877440437,-0.44460152152414,29.593977915068,29.759525939907,-95.163838941979,-1633977.347047235,-18107323.36586255,10325659.93835697,-1636354.065282642,-18107108.73716752,10325659.93835697,0.0075205334380327,4.311295055012,-3.2625627813078e-09,6.28617645,0.9994796,1.52619626,34509302.8,87.4510455,3.49,-2.79617645,1,0,-0.523,-0.523,-0.527304717,-0.174,0.348,0,-0.173649922,-0.434124805,-0.433065948,-0.433065948,-0.433065948,0,-1,0.209284218,0,360.026011,-360.026011,360,-0.0260105749,-0.000453884532,-0.000135514584,-0.0044402317,0,0,0,-4.31129508,-3.5994175,-0.431774918,-0.435349821,0,0,0,-0,0,0,0.002,-0.433065948,-0.151140016,-0.151140016,0.113355012,0.113355012,-0.264495028,0,0,0,0,1707.16,3.10393,1.29953,29.5911,40.0004,-9.31518e-05,-0.0136321,12.2141,408.933,129.998,129.998,29.593978571858262,-95.1638400487035625,20908474.4882177636,0.00334175237174885341
1.9,0.1904562458794757,0.0636131062703575,0.001108547757199775,1.327122916802679,0.05104201899458279,0.009499490417951232,0.194098371785605,0.0636039817186711,-0.0009386794133464015,2.718310759e-07,471.3047827,0.0151246529244,1325.78627038,-0.004783997041333741,0.01429613687281272,-0.001220233136255542,-0.00335036003048883,0.103703638721639,0.02840474445704223,0.1139669595240172,0.1104530156597835,-0.01709250664430761,0.2315482194762858,-0.03992451695991549,-32.09991547801209,-0.004783997041333741,0.01429613687281272,-0.001220233136255542,1320.421654512583,-119.1465023371689,-0.003603639017759406,0.01394174139958043,-0.00462566305962623,-0.003603639019177205,-0.004792217263863301,0.01430148578151022,-0.00112128689981348, 2095.724809,-10.78164698, 13.55487837,-10.78164698, 1505.011185, 3.979983439, 13.55487837, 3.979983439, 3150.429656,77.08064781,2479.99654,45.48951262621911,4.227425253247485,35.42698268014853,4.3115611374378,4.3115431363076,0.2561439187506219,0.4190831264946075,359.9995616371082,0.9999908143078472,0.002235274551169084,0.003657164358301788,-1.200021221038425e-05,-0.3420464344423808,0.6364364220475647,0.5830481899668281,0.3714939108151413,-0.3420721688758817,0.6363960298418027,0.5830922777243724,0.371470214602817,-165.69091840641,70.947668657382,29.593977913719,29.759525938551,-95.163838939543,-1633845.305590845,-18107335.28105953,10325659.93805212,-1636354.064554094,-18107108.73769531,10325659.93805212,0.0079383408512567,4.3115431363076,0,6.28617766,0.999479591,1.52619626,34509302.8,87.4510455,3.49,-2.79617766,1,0,-0.523,-0.523,-0.527470555,-0.174,0.348,0,-0.17711598,-0.442789951,-0.442092908,-0.442092908,-0.442092908,0,-1,0.27650222,0,360.02608,-360.02608,360,-0.0260797062,-0.000455090873,-0.000151061275,-0.00462161602,0,0,0,-4.31154317,-3.66717598,-0.439903005,-0.441024292,0,0,0,-0,0,0,0.002,-0.442092908,-0.154290425,-0.154290425,0.115717819,0.115717819,-0.270008243,0,0,0,0,1733.43,3.15169,1.29953,29.6004,39.0712,0.0138593,-0.0116656,13.1989,424.959,129.998,129.998,29.5939785704282166,-95.1638400461318099,20908474.4885533266,0.194098371785604962
2,0.2619237864011691,0.07282442020255919,0.001591268675507268,-0.01860948370426137,0.09169928164991739,-0.0005794186038482054,0.2655661531651509,0.07281444914919324,-0.0004555259866980245,4.974332151e-07,637.5579793,0.0204598881779,1325.79164407,-0.005487085337465298,0.01968064472840772,0.001082193063794308,-0.007154206536854418,0.00290006369450946,0.01417924314516848,0.01230617758648525,0.104951928250386,-0.01323684323162377,0.2315275486268142,-0.1538829910923783,-32.11400685950075,-0.005487085337465298,0.01968064472840772,0.001082193063794308,1320.428027233143,-119.1356720816887,-0.005360661467636085,0.0194458132540939,-0.003425007995620049,-0.005360661467636087,-0.005478086163948004,0.01967515502175374,0.00121896312662591, 2095.723711,-10.78164612, 13.55488328,-10.78164612,  1505.01111, 3.979991694, 13.55488328, 3.979991694, 3150.428604,77.08063609,2479.996163,45.48951224444482,4.227425896119574,35.42697903452909,4.3115434981883,4.3115255022077,0.2795872314511958,0.4258246743945591,359.9997345205151,0.9999901191434776,0.002439848210250466,0.003715996036867633,-1.138326032711464e-05,-0.3422113860776845,0.6363452964703945,0.5831032630736304,0.3714116523369727,-0.3422384689326188,0.6363027742180389,0.5831496645540809,0.3713866969016892,168.84300264035,74.136073022829,29.59397791232,29.759525937148,-95.163838933922,-1633713.263021101,-18107347.19516331,10325659.93760029,-1636354.062799059,-18107108.73809291,10325659.93760029,0.0083561482644808,4.3115255022077,0,6.28618067,0.999479592,1.52619626,34509302.8,87.4510455,3.49,-2.79618067,1,0,-0.523,-0.523,-0.527879718,-0.174,0.348,0,-0.178558047,-0.446395118,-0.446271293,-0.446271293,-0.446271293,0,-1,0.321476942,0,360.026253,-360.026253,360,-0.0262526023,-0.000458107911,-0.000165958978,-0.00504567671,0,0,0,-4.31152553,-3.72849698,-0.447258881,-0.446039918,0,0,0,-0,0,0,0.002,-0.446271293,-0.155748681,-0.155748681,0.116811511,0.116811511,-0.272560192,0,0,0,0,1755.15,3.19118,1.29953,29.608,38.1996,0.019773,-0.0111851,14.1563,439.972,129.998,129.998,29.5939785689470618,-95.1638400401761828,20908474.4887093082,0.265566153165150864
2.1,0.7310622506172504,0.05080878253125352,0.005232296117042963,3.563067702336015,-0.6248048232426061,0.03055827143625542,0.7347048644261573,0.05079715290706865,0.003185949898658119,3.615861824e-06,1718.93007,0.0551622251505,1325.82680199,-0.003841493989736398,0.05485849384118467,0.004319682969195886,0.04508565602943398,0.2895893933882661,0.0261950767260827,0.3011130094545043,0.1170693191640993,0.02532617386176644,0.2876461618723827,0.1070242584111164,-32.10121521425949,-0.003841493989736398,0.05485849384118467,0.004319682969195886,1320.46425464387,-119.1254004882208,-0.005617571370524811,0.05480458105792595,-0.002787807474185494,-0.005617571370524817,-0.003806481686015664,0.05483306515785921,0.004660122972501319, 2095.722377,-10.78164506, 13.55488927,-10.78164506, 1505.011018, 3.980001782, 13.55488927, 3.980001782, 3150.427327,77.08062185,2479.995704,45.48951178066894,4.227426677074658,35.42697460586421,4.3112719021738,4.3112539076917,0.3254751674423095,0.4327408440457112,7.894454702640694e-05,0.9999888358672998,0.002840279979331605,0.003776354016523771,-1.003711327695223e-05,-0.3425023666598098,0.6361873587448973,0.5832295688569687,0.371215629272981,-0.3425307885999294,0.6361427006206861,0.5832782782368244,0.3711894037350966,131.64669436913,83.98464865595,29.593977910914,29.759525935739,-95.163838922543,-1633581.218525023,-18107359.10824971,10325659.9370208,-1636354.059204561,-18107108.7384363,10325659.9370208,0.0087739556777048,4.3112539076917,-3.2625627813099e-09,0.00300137784,0.999479602,1.52619626,34509302.8,87.4510455,3.49,-2.79618669,1,0,-0.523,-0.523,-0.528680613,-0.174,0.348,0,-0.186171745,-0.465429362,-0.46343849,-0.46343849,-0.46343849,0,-1,0.490962073,0,7.89503622e-05,-7.89503622e-05,0,-7.89503622e-05,-1.37768382e-06,-0.000177444331,-0.00585805764,0,0,0,-4.31125394,-3.78396973,-0.45391323,-0.449253107,0,0,0,-0,0,0,0.002,-0.46343849,-0.161740033,-0.161740033,0.121305025,0.121305025,-0.283045058,0,0,0,0,32933.5,59.8791,1.29953,29.6091,477.16,0.0829343,-0.0113734,31.944,680.459,129.998,129.998,29.593978567457679,-95.1638400281416068,20908474.4887495339,0.734704864426157345
2.2,0.8771179612292236,-0.04468380088181292,0.006962765224594167,-1.037927746006377,-1.622913814549861,0.003905902817182495,0.8807606221934469,-0.04469845845491362,0.004916522396928981,5.189601595e-06,2059.298519,0.0660849962439,1325.83784284,0.003382072229121673,0.06590116453039489,0.00358117711505281,0.1166277715994609,-0.06388215574316378,-0.02299870645317272,-0.0514590531304365,0.1394222986824054,0.112665406384027,0.3599198126285464,-0.2933654544014753,-32.14979308065122,0.003382072229121673,0.06590116453039489,0.00358117711505281,1320.476391975352,-119.1137429139308,0.0009635619754420249,0.06607358337135506,-0.0007614836456701912,0.000963561975442024,0.003411849934274844,0.06587395380354137,0.004025943227299221, 2095.720403, -10.7816435, 13.55489813, -10.7816435, 1505.010881, 3.980016707, 13.55489813, 3.980016707, 3150.425436,77.08060077,2479.995026,45.48951109386229,4.227427833592631,35.42696804744538,4.3107873499393,4.310769353267,0.4091483944914301,0.4340611621182505,0.00071292336888477,0.9999864518281909,0.003570436539258445,0.003787887227282789,-7.303258389570393e-06,-0.3429755509764407,0.635936005988895,0.5834930236867929,0.3707951712578559,-0.3430052925643606,0.635889200062551,0.5835440323129636,0.3707676588762472,46.637850604919,85.725383683083,29.593977910724,29.759525935552,-95.163838902593,-1633449.171197241,-18107371.02021382,10325659.93672122,-1636354.052865203,-18107108.73862074,10325659.93672122,0.0091917630909289,4.310769353267,-3.26256278131e-09,0.00301244286,0.999479619,1.52619626,34509302.8,87.4510455,3.49,-2.79619775,1,0,-0.523,-0.523,-0.530140987,-0.174,0.348,0,-0.189405958,-0.473514895,-0.473525164,-0.473525164,-0.473525164,0,-1,0.618965601,0,0.000712975884,-0.000712975884,0,-0.000712975884,-1.24414292e-05,-0.000169120521,-0.00731010713,0,0,0,-4.31076941,-3.83412363,-0.459929554,-0.455903611,0,0,0,-0,0,0,0.002,-0.473525164,-0.165260282,-0.165260282,0.123945212,0.123945212,-0.289205494,0,0,0,0,45190.8,82.1651,1.29953,29.5971,474.965,0.137554,0.00891196,60.7041,928.604,129.997,129.997,29.5939785672548759,-95.1638400069953576,20908474.4887832925,0.880760622193446863
2.3,0.6009147847393431,-0.3046391016065518,0.006983403467860854,-4.41738270226447,-3.49760900862473,-0.002141218603661435,0.6045569162949684,-0.3046565877613659,0.004936240694556214,3.048689662e-06,1578.370328,0.0506515183148,1325.81711047,0.02296613938357806,0.04513372499505286,-0.00103904642570805,0.2591105819806002,-0.324657343931069,-0.07111360174692903,-0.3083643000881927,0.1882376790476791,0.2617841957018973,0.4941017056952147,-0.5977793180541582,-32.19804664665115,0.02296613938357806,0.04513372499505286,-0.00103904642570805,1320.45710531673,-119.0967800393331,0.0203403721738391,0.04591961762183326,0.006575278312292455,0.02034037217383912,0.02295970810925849,0.04514144677864451,-0.0008233430987303182, 2095.717814,-10.78164145, 13.55490973,-10.78164145, 1505.010703,  3.98003624, 13.55490973,  3.98003624, 3150.422957,77.08057312,2479.994137,45.4895101935067,4.227429349707,35.42695944981589,4.3105787709355,4.3105607782285,0.4870917793789928,0.4192412811371685,0.001296512089244813,0.9999842734946804,0.004250595012954995,0.00365857723677124,-4.237297304306105e-06,-0.3433348253442312,0.6357540794421405,0.5837855384852575,0.3703139117478588,-0.3433658784107147,0.6357051213470212,0.5838388503388711,0.3702851186199534,-2.5904399792826,63.007205974573,29.593977914013,29.759525938854,-95.163838884413,-1633317.124306566,-18107382.93077586,10325659.93766018,-1636354.047049741,-18107108.73836599,10325659.93766018,0.0096095705041529,4.3105607782285,3.2625627813083e-09,0.0030226284,0.999479627,1.52619626,34509302.8,87.4510455,3.49,-2.79620794,1,0,-0.523,-0.523,-0.531501355,-0.174,0.348,0,-0.185102125,-0.462755313,-0.464431533,-0.464431533,-0.464431533,0,-1,0.61381402,0,0.00129660759,-0.00129660759,0,-0.00129660759,-2.26258025e-05,-0.000161744928,-0.00866310024,0,0,0,-4.31056084,-3.87946879,-0.465369027,-0.46619237,0,0,0,-0,0,0,0.002,-0.464431533,-0.162086605,-0.162086605,0.121564954,0.121564954,-0.283651559,0,0,0,0,56278.1,102.324,1.29953,29.5739,471.403,0.118996,0.0999072,95.573,1158.4,129.997,129.997,29.5939785707318137,-95.1638399876980543,20908474.4889864698,0.604556916294968438
2.4,0.09876678740279676,-0.7048451308728481,0.007093228295438569,-5.121755798391169,-4.422575487085171,0.007840676803624592,0.1024072027574691,-0.7048640128222107,0.005043027580398524,3.505906771e-06,1692.592758,0.0543170335928,1325.77941642,0.05310847101137806,0.007365825776024063,-0.008693391501431062,0.3313631264090071,-0.387511278568643,-0.05309616294170832,-0.3665068954902925,0.2444808937605852,0.3162926821890335,0.5395440372203593,-0.681830553820113,-32.17996174102558,0.05310847101137806,0.007365825776024063,-0.008693391501431062,1320.421137680564,-119.0759321067305,0.05050676531267655,0.009085598927903258,0.0178005249388262,0.05050676531267656,0.053051264573979,0.00744660516491165,-0.008969478075444006, 2095.714663,-10.78163896, 13.55492383,-10.78163896, 1505.010486, 3.980059991, 13.55492383, 3.980059991,  3150.41994,77.08053947,2479.993054,45.48950909761579,4.227431195084476,35.42694898499071,4.3110768124461,4.3110588200424,0.5249037247638917,0.3712459581813985,0.001562609558529777,0.9999842610819607,0.004580564890970292,0.003239754959171144,-1.203872160290295e-06,-0.3433022864449718,0.6357993067216329,0.5840476039735281,0.3698529139897733,-0.3433346492503475,0.6357481969799558,0.5841032375973133,0.3698228717767641,-9.2963707893077,7.7937806226289,29.593977924263,29.759525949135,-95.163838875954,-1633185.08034326,-18107394.83945404,10325659.94115333,-1636354.044248334,-18107108.73718979,10325659.94115333,0.010027377917377,4.3110588200424,-3.2625627813033e-09,0.00302727268,0.999479609,1.52619626,34509302.8,87.4510455,3.49,-2.79621258,1,0,-0.523,-0.523,-0.532161298,-0.174,0.348,0,-0.176479392,-0.441198481,-0.443494976,-0.443494976,-0.443494976,0.00153398437,-1,0.500216392,0,0.00156272466,-0.00156272466,0,-0.00156272466,-2.72695454e-05,-0.00015510099,-0.00931639924,0,0,0,-4.3110589,-3.92051027,-0.470292216,-0.479261694,0,0,0,-0,0,0,0.002,-0.443494976,-0.154779747,-0.154779747,0.11608481,0.11608481,-0.270864557,0,0,0,0,66100.4,120.183,1.29953,29.5418,467.419,0.0256155,0.2798,134.103,1366.95,129.996,129.996,29.5939785815807284,-95.16383997869697,20908474.489504721,0.10240720275746909
2.5,-0.3389723729075747,-1.153924150557269,0.008675609876748818,-3.195538595677486,-4.447147236289619,0.02441327388417097,-0.3353352196204214,-1.153942660165601,0.006619624270124655,9.88054905e-06,2841.468408,0.0911856311034,1325.7465262,0.08689608337041207,-0.02554307492627022,-0.01055657794553898,0.3353000472528027,-0.2481376464107243,0.007066040295444389,-0.2232081845224018,0.2888748369620735,0.2887651916906813,0.4925428000267518,-0.5359479032455481,-32.11891821264464,0.08689608337041207,-0.02554307492627022,-0.01055657794553898,1320.390578781642,-119.0485809706929,0.08095388669271295,-0.02233815700948618,0.03552878115682889,0.08095388669271292,0.08684296526951024,-0.02544522884510289,-0.01120977394713566, 2095.711008,-10.78163608, 13.55494019,-10.78163608, 1505.010234, 3.980087525, 13.55494019, 3.980087525, 3150.416439,77.08050044,2479.991798,45.4895078262975,4.227433335865235,35.42693684498323,4.3121367618442,4.3121187616272,0.5131607232947476,0.2802150772504682,0.001500652195924445,0.9999869832545606,0.004478111726849861,0.002445369543494877,2.144894146582191e-06,-0.3427755370747251,0.6361319682926329,0.5842779926463356,0.3694053023556144,-0.3428092074750185,0.6360787078710991,0.5843359745623434,0.3693740563380959,-6.9266397485414,-16.267468882452,29.593977943431,29.75952596836,-95.163838879161,-1633053.039878656,-18107406.7457147,10325659.94774903,-1636354.045032191,-18107108.73455831,10325659.94774903,0.010445185330601,4.3121187616272,-3.2625627812938e-09,0.00302619132,0.999479571,1.52619626,34509302.8,87.4510455,3.49,-2.7962115,1,0,-0.523,-0.523,-0.531956344,-0.174,0.348,0,-0.168580048,-0.42145012,-0.423089499,-0.423089499,-0.423089499,0.00153398437,-1,0.355675814,0,0.00150076274,-0.00150076274,0,-0.00150076274,-2.61883097e-05,-0.000148856783,-0.009105201,0,0,0,-4.31211885,-3.95772566,-0.474756417,-0.485966191,0,0,0,-0,0,0,0.002,-0.423089499,-0.147658235,-0.147658235,0.110743676,0.110743676,-0.258401912,0,0,0,0,74648.6,135.725,1.29953,29.5029,463.405,-0.0844612,0.549944,174.006,1552.89,129.996,129.996,29.5939786018793782,-95.163839982072389,20908474.4900923297,-0.335335219620421399
2.6,-0.5324269453176534,-1.577231704007101,0.01154194163744159,-0.4241172772090866,-3.896194290732637,0.03040810672982655,-0.5287946554269066,-1.577248656351093,0.009477362691964433,1.873800222e-05,3913.036792,0.125573361027,1325.73196911,0.1187381328232783,-0.04007392378331355,-0.008000340355346525,0.2953908472599633,-0.04039081851730533,0.03962509005218873,-0.01547356757535323,0.2826131027494347,0.2357865708137212,0.3768043990240337,-0.3029413318373175,-32.08511866859011,0.1187381328232783,-0.04007392378331355,-0.008000340355346525,1320.378568450576,-119.0196553968449,0.107343236740286,-0.03521258026632668,0.05482857573070003,0.107343236740286,0.1187176144231011,-0.04000445926526013,-0.00862787715099997, 2095.706909,-10.78163285, 13.55495852,-10.78163285, 1505.009952, 3.980118391, 13.55495852, 3.980118391, 3150.412513,77.08045666,2479.99039,45.489506400393,4.227435736954664,35.42692322880907,4.3131608851254,4.3131428836321,0.4681026762093421,0.1449707088588378,0.001334738610628534,0.9999908562859757,0.004084937102847606,0.00126514478200257,6.479776807651282e-06,-0.3418387790191271,0.6367072861720405,0.5845313256516683,0.3688810244862846,-0.3418737464801709,0.636651871205797,0.5845916812808909,0.3688486173689016,-3.8546501447143,-18.610173297608,29.593977971697,29.759525996715,-95.16383889002,-1632921.001595005,-18107418.64912204,10325659.95720934,-1636354.048083442,-18107108.73003594,10325659.95720934,0.010862992743825,4.3131428836321,6.5251255625596e-09,0.00302329558,0.999479534,1.52619626,34509302.8,87.4510455,3.49,-2.7962086,1,0,-0.523,-0.523,-0.531169933,-0.174,0.348,0,-0.164802869,-0.412007173,-0.412467417,-0.412467417,-0.412467417,0.00153398437,-1,0.252144432,0,0.00133483693,-0.00133483693,0,-0.00133483693,-2.32929044e-05,-0.000142800996,-0.00831273393,0,0,0,-4.31314298,-3.99150243,-0.478808132,-0.487436009,0,0,0,-0,0,0,0.002,-0.412467417,-0.143951128,-0.143951128,0.107963346,0.107963346,-0.251914475,0,0,0,0,81973.6,149.043,1.29953,29.4589,459.55,-0.147821,0.863982,213.365,1716.13,129.995,129.995,29.5939786318201143,-95.1638399935767438,20908474.4902446084,-0.528794655426906623
2.7,-0.4571624674405008,-1.929510633937655,0.0142634244438859,1.939905908598975,-3.037084622023914,0.02011168667256087,-0.4535364851301665,-1.929525795907284,0.01218777373764544,2.649331581e-05,4652.864916,0.149315205996,1325.73760978,0.1452492104792118,-0.03439777370793706,-0.00380667319939304,0.2316712953962377,0.1403523051152701,0.04668485597529493,0.1625523049132667,0.2441055965608894,0.1749082657874124,0.2150989998536561,-0.09308884625051042,-32.076855735542,0.1452492104792118,-0.03439777370793706,-0.00380667319939304,1320.386596648384,-118.9933988842921,0.1280719089145737,-0.02804851557356821,0.07145556425387897,0.1280719089145738,0.1452520539661238,-0.03436596661234612,-0.003981444356658308, 2095.702424,-10.78162931, 13.55497856,-10.78162931, 1505.009644, 3.980152147, 13.55497856, 3.980152147, 3150.408218,77.08040876,2479.988849,45.48950484041978,4.227438363803238,35.4269083323928,4.3137960843742,4.3137780766458,0.4162855239391317,-0.02960244694126711,0.001278778821457421,0.9999933680349347,0.003632771281598763,-0.0002582878357002698,1.209782979353954e-05,-0.3406641194471373,0.6374295971010526,0.584877364439975,0.3681710676121162,-0.3407003618641914,0.6373720166069059,0.5849401124398186,0.3681375296420453,-1.5012569949443,-13.318867877796,29.593978008016,29.759526033153,-95.16383890222,-1632788.963486835,-18107430.54973881,10325659.96902868,-1636354.051396578,-18107108.72368575,10325659.96902868,0.011280800157049,4.3137780766458,3.2625627812618e-09,0.0030223189,0.999479511,1.52619626,34509302.8,87.4510455,3.49,-2.79620763,1,0,-0.523,-0.523,-0.530265553,-0.174,0.348,0,-0.165759762,-0.414399405,-0.413736433,-0.413736433,-0.413736433,0.00153398437,-1,0.223193696,0,0.00127887302,-0.00127887302,0,-0.00127887302,-2.23163342e-05,-0.000136937018,-0.00740249004,0,0,0,-4.31377818,-4.02214511,-0.482483906,-0.486465351,0,0,0,-0,0,0,0.002,-0.413736433,-0.144394015,-0.144394015,0.108295511,0.108295511,-0.252689527,0,0,0,0,88166,160.302,1.29953,29.4115,455.951,-0.134861,1.16966,250.731,1857.5,129.994,129.994,29.5939786702930476,-95.1638400065156134,20908474.4897908084,-0.453536485130166589
2.8,-0.2088983942397868,-2.184394448043211,0.01539906215915331,2.844990328124622,-1.942502061523564,1.100305131797058e-05,-0.2052798815751344,-2.184408428080238,0.0133104084997807,3.243252592e-05,5148.049005,0.165206171552,1325.75626304,0.1644482607372919,-0.0157068182191523,0.001773279673349018,0.1501045972978545,0.2134114470894082,0.061962193703407,0.2329723504515717,0.2119876698108725,0.09509397770631534,0.0180732350413928,-0.0002802124192366751,-32.06028556557762,0.1644482607372919,-0.0157068182191523,0.001773279673349018,1320.407388359112,-118.9704909441474,0.1415900987525572,-0.008121200793149102,0.08473115809316081,0.141590098752557,0.164440398163128,-0.01571438575790147,0.00234364056406332,  2095.69761,-10.78162552, 13.55500008,-10.78162552, 1505.009313, 3.980188373, 13.55500008, 3.980188373, 3150.403607,77.08035735,2479.987194,45.48950316580224,4.227441183702101,35.42689234122081,4.3138911649585,4.3138731637354,0.3811452451603491,-0.2351436761107964,0.001352297533291835,0.999992362946906,0.003326130808092948,-0.002051963639213482,1.862616455405422e-05,-0.3394238584982591,0.638201048997734,0.5853661570906734,0.3672020254209424,-0.3394613442409739,0.6381412858693954,0.5854313077363266,0.3671673718581211,0.61780831861212,-5.4555813002273,29.593978050637,29.759526075921,-95.163838910302,-1632656.923845713,-18107442.4479053,10325659.982578,-1636354.05326319,-18107108.7158484,10325659.982578,0.011698607570273,4.3138731637354,-3.2625627812407e-09,0.00302360204,0.999479507,1.52619626,34509302.8,87.4510455,3.49,-2.79620891,1,0,-0.523,-0.523,-0.529652239,-0.174,0.348,0,-0.169942647,-0.424856617,-0.423648083,-0.423648083,-0.423648083,0.00153398437,-1,0.263635991,0,0.00135239715,-0.00135239715,0,-0.00135239715,-2.35993302e-05,-0.000131373605,-0.00678361306,0,0,0,-4.31387327,-4.04990743,-0.485814183,-0.483470542,0,0,0,-0,0,0,0.002,-0.423648083,-0.147853181,-0.147853181,0.110889886,0.110889886,-0.258743067,0,0,0,0,93338.8,169.707,1.29953,29.3622,452.649,-0.0598847,1.43442,285.13,1978.46,129.994,129.994,29.5939787154417466,-95.1638400150965964,20908474.4887587018,-0.205279881575134382
2.9,0.06193756195821733,-2.324943305025738,0.0146492770946174,2.326822532994901,-0.7721831289450836,-0.01479592083655447,0.0655478129736202,-2.324957085824511,0.01254637406550167,3.65216696e-05,5462.954702,0.175311815802,1325.77662136,0.1750671551216477,0.004691019138727429,0.007982374134511971,0.06226210333877447,0.1784317698478527,0.05912370416420572,0.1940105078653081,0.1693474418477749,0.01959464086924756,-0.1966802039933535,-0.03073931861871168,-32.0615993927319,0.1750671551216477,0.004691019138727429,0.007982374134511971,1320.429552761507,-118.9513524593578,0.147241420408678,0.01317835602402011,0.0942365524003792,0.1472414204086779,0.1749969058157884,0.004643200910631881,0.009421061509928257, 2095.692518,-10.78162151, 13.55502283,-10.78162151, 1505.008962, 3.980226684, 13.55502283, 3.980226684, 3150.398729,77.08030296,2479.985444,45.48950139436921,4.227444166629165,35.42687542554332,4.313299369067,4.3132813658895,0.3730636829429795,-0.4610008323029901,0.001393324915404779,0.9999866081475262,0.003255611612733301,-0.004022919432995964,2.525606153608037e-05,-0.3382293701864332,0.6389552773102162,0.5859995956828389,0.3659802188647124,-0.338268065458387,0.6388933126801574,0.586067152769715,0.3659444539107191,2.6106541496964,1.5333118374718,29.593978097343,29.759526122792,-95.163838911951,-1632524.881964881,-18107454.34396055,10325659.99708202,-1636354.052976551,-18107108.7068631,10325659.99708202,0.012116414983497,4.3132813658895,3.2625627812176e-09,0.00302431811,0.999479529,1.52619626,34509302.8,87.4510455,3.49,-2.79620963,1,0,-0.523,-0.523,-0.52951119,-0.174,0.348,0,-0.174730028,-0.436825071,-0.435716722,-0.435716722,-0.435716722,0.00153398437,-1,0.337970809,0,0.00139342755,-0.00139342755,0,-0.00139342755,-2.43153107e-05,-0.000126144456,-0.00663733404,0,0,0,-4.31328148,-4.07500421,-0.488824738,-0.479403677,0,0,0,-0,0,0,0.002,-0.435716722,-0.152065136,-0.152065136,0.114048852,0.114048852,-0.266113988,0,0,0,0,97614.9,177.482,1.29953,29.3121,449.659,0.0320157,1.63179,316.015,2080.9,129.993,129.993,29.5939787649148087,-95.163840016860533,20908474.4871113412,0.0655478129736202092
3,0.2356655566994628,-2.350855168701909,0.01307876561600796,0.9577811690539889,0.3224842271976624,-0.01449159128431288,0.2392671669380707,-2.350869600527842,0.01096110207662043,3.783976355e-05,5560.662029,0.178447338692,1325.7896794,0.1770722576358187,0.01778727154597154,0.01313321106273296,-0.02047841284050822,0.07710521698440999,0.04217063559569943,0.0880251047286898,0.1217394971158243,-0.04348099747931178,-0.4111854578290375,-0.1406791214872692,-32.07693613099005,0.1770722576358187,0.01778727154597154,0.01313321106273296,1320.443976057464,-118.9367849276526,0.1459229328509422,0.02673606842826878,0.09917223905555698,0.1459229328509421,0.1768979275027512,0.01770165631855685,0.01540218474519905, 2095.687193,-10.78161731, 13.55504661,-10.78161731, 1505.008596, 3.980266738, 13.55504661, 3.980266738, 3150.393629,77.08024609,2479.983615,45.48949954208005,4.227447285710379,35.42685773775857,4.3120414316654,4.3120234362108,0.3883500896383117,-0.6955988128093912,0.00123383716645931,0.9999758333128869,0.003388990290688175,-0.006070136150275208,3.133885683453003e-05,-0.3371186862637164,0.6396652146055476,0.5867318049118849,0.3645890751247302,-0.3371585636288852,0.6396010330421489,0.5868017690864058,0.3645521983203328,4.2417842373846,5.7206278578398,29.593978145739,29.759526171363,-95.163838908159,-1632392.83819862,-18107466.2383263,10325660.01179219,-1636354.050891002,-18107108.69715156,10325660.01179219,0.012534222396721,4.3120234362108,3.2625627811936e-09,0.00302153452,0.999479574,1.52619626,34509302.8,87.4510454,3.49,-2.79620684,1,0,-0.523,-0.523,-0.529777988,-0.174,0.348,0,-0.177955325,-0.444888312,-0.44432198,-0.44432198,-0.44432198,0.00153398437,-1,0.406149611,0,0.00123392805,-0.00123392805,0,-0.00123392805,-2.15320445e-05,-0.00012112687,-0.00689911458,0,0,0,-4.31202357,-4.09762329,-0.491538104,-0.476135919,0,0,0,-0,0,0,0.002,-0.44432198,-0.155068371,-0.155068371,0.116301278,0.116301278,-0.271369649,0,0,0,0,101116,183.848,1.29953,29.2621,446.973,0.0962054,1.74305,343.18,2166.87,129.992,129.992,29.5939788161746336,-95.1638400128549051,20908474.4848978072,0.239267166938070652
3.1,0.2965220505586896,1.134157886451299,-0.4145915771615633,2.61452484667373,22.40695613080903,-7.514917025368259,0.3001208891040384,1.13414355644578,-0.4167139482954486,0.0003583565454,17112.36268,0.549153200908,1325.79071795,0.5462000850304638,0.0191996707802509,0.05353576208416616,3.969632768412722,-0.4052674818765388,0.9306297431299896,-0.1550978582699154,2.929304208331399,2.954433837794716,3.538668572674868,-0.6435000408118849,-31.20587627962615,0.5462000850304638,0.0191996707802509,0.05353576208416616,1320.465754328367,-118.7056148716457,0.4432156954144791,0.04769859798253658,0.3207084800189236,0.4432156954144792,0.5454347354231273,0.01863995302576902,0.06101425745175163, 2095.681676,-10.78161297, 13.55507125,-10.78161297, 1505.008217,  3.98030823, 13.55507125,  3.98030823, 3150.388344,77.08018716,2479.981719,45.48949762294941,4.227450517346358,35.42683941169468,4.3089450970292,4.3089271066193,0.4172488969791138,-0.7705003182088758,359.9822108746136,0.9999707575788543,0.003640049330005469,-0.00672435364231196,-0.0001307522098428704,-0.3368355285989936,0.6397247818701738,0.5871468045434266,0.3640778214187708,-0.3368766773561344,0.6396584138826641,0.5872191074662955,0.3640397473203891,5.5979610073954,2.0036017956264,29.593978241469,29.759526267446,-95.163838903023,-1632260.793007261,-18107478.12163592,10325660.04059019,-1636354.047464734,-18107108.67734708,10325660.04059019,0.012952029809945,4.3089271066193,3.2625627811462e-09,6.28587483,0.999479686,1.52619626,34509302.8,87.4510454,3.49,-2.79587483,1,0,-0.523,-0.523,-0.530282367,-0.174,0.348,0,-0.17978977,-0.449474425,-0.448715366,-0.448715366,-0.448715366,0.00306796875,-1,0.464253084,0,360.008728,-360.008728,360,-0.00872766563,-0.000152297765,-0.000125598388,-0.00740796544,0,0,0,-4.30892724,-4.11791223,-0.493972029,-0.432957771,0,0,0,-0,0,0,0.002,-0.448715366,-0.156601663,-0.156601663,0.117451247,0.117451247,-0.27405291,0,0,0.5,0.0166666667,103956,189.01,1.29953,29.2131,444.579,-0.210692,-0.518176,366.641,2238.36,129.991,129.991,29.5939789125064578,-95.1638400075637634,20908474.4815591089,0.300120889104038446
3.2,0.211476560122304,2.440465784297017,-0.7444510740187051,1.530022193738847,2.624396880113975,-4.35830127576132,0.2150824099044386,2.440454089384138,-0.7465615275320971,0.001107149636,30078.45372,0.965248080226,1325.77761396,0.9591816281896706,0.00739398680743923,0.1077951273621908,4.216176104614991,-0.4524200321365999,-0.06136535912153627,-0.2763213551874444,2.170717514642946,3.695701882137177,3.895173532080259,-0.7155900547946986,-32.22912172135811,0.9591816281896706,0.00739398680743923,0.1077951273621908,1320.476124702137,-118.4419170104334,0.7733423786817838,0.05726599900708036,0.5747747620355718,0.7733423786817842,0.9580472400935895,0.005301534702671652,0.117563752319242, 2095.676002, -10.7816085, 13.55509659, -10.7816085, 1505.007827, 3.980350899, 13.55509659, 3.980350899,  3150.38291,77.08012656,2479.979769,45.48949564917524,4.227453840996927,35.42682056383153,4.2990342602134,4.2990163175983,0.4462470591623596,-0.5806153779256983,359.9250837222479,0.9999793804208755,0.003890867079473977,-0.005069309724153236,-0.0006340231640444003,-0.3377778107324329,0.6387386213319526,0.5870059032493165,0.3651618733468976,-0.3378204132712728,0.6386701287517675,0.5870804233414618,0.3651224610273069,6.4121325146037,0.43890103463429,29.593978446776,29.759526473536,-95.163838900314,-1632128.746182772,-18107489.97824413,10325660.10073605,-1636354.042485838,-18107108.63180447,10325660.10073605,0.013369837223169,4.2990163175983,3.2625627810444e-09,6.28487777,0.999480044,1.52619626,34509302.8,87.4510454,3.49,-2.79487777,1,0,-0.523,-0.523,-0.53078848,-0.174,0.348,0,-0.178567006,-0.446417514,-0.446038858,-0.446038858,-0.446038858,0.00306796875,-1,0.469247984,0,359.951596,-359.951596,360,0.0484036948,0.000844644474,-0.000104613025,-0.00789309348,0,0,0,-4.29901645,-4.13565565,-0.496100885,-0.378537133,0,0,0,-0,0,0,0.002,-0.446038858,-0.155667561,-0.155667561,0.116750671,0.116750671,-0.272418232,0,0,1,0.0333333333,106234,193.153,1.29953,29.1655,442.456,-0.529207,-1.16994,386.57,2297.27,129.99,129.99,29.5939791145450179,-95.1638400052058131,20908474.4724221937,0.21508240990443861
3.3,0.06632874163111038,2.014477483582558,-0.978353028980571,0.8744811181609116,-10.97300666871242,-2.842351335831001,0.06994327943915492,2.014470587885343,-0.9804485891295701,0.002309348827,43440.73385,1.39405687843,1325.75964509,1.393054602525581,-0.008756955641360337,0.05212264784222764,4.427910898130692,-0.4318936377691242,-0.9041458936392132,-0.3248197170147415,1.525319299721604,4.310940460396719,4.236798802989394,-0.7159138901901975,-33.0810592687509,1.393054602525581,-0.008756955641360337,0.05212264784222764,1320.473623382627,-118.2651951305309,1.179031921220077,0.05394607440687138,0.7418680004610495,1.179031921220077,1.392686555822195,-0.01304398043505321,0.06040357700018461, 2095.670201,-10.78160393,  13.5551225,-10.78160393, 1505.007428,  3.98039452,  13.5551225,  3.98039452, 3150.377353,77.0800646,2479.977776,45.48949363117113,4.227457239126551,35.42680129361018,4.2894071564078,4.2893892531308,0.4637787320561634,-0.3436174512989383,359.8409770256411,0.9999863680661093,0.004043038529610485,-0.003004212459703268,-0.001375583111568606,-0.3388075180331496,0.6374938677881031,0.5868408653699683,0.3666453776997721,-0.3388516303148693,0.637423254541043,0.5869175643188006,0.3666046097600884,2.1427841248957,-0.35991350648516,29.593978768287,29.759526796226,-95.163838902817,-1631996.699052083,-18107501.81302318,10325660.19783498,-1636354.037281844,-18107108.56539569,10325660.19783498,0.013787644636393,4.2893892531308,0,6.28340983,0.999480391,1.52619625,34509302.8,87.4510454,3.49,-2.79340983,1,0,-0.523,-0.523,-0.531094466,-0.174,0.348,0,-0.176014006,-0.440035015,-0.439983045,-0.439983045,-0.439983045,0.00306796875,-1,0.440690852,0,359.867483,-359.867483,360,0.132516587,0.00231241444,-2.38638273e-05,-0.0081183297,0,0,0,-4.28938939,-4.15068955,-0.497904706,-0.437501129,0,0,0,-0,0,0,0.002,-0.439983045,-0.153554083,-0.153554083,0.115165562,0.115165562,-0.268719645,0,0,1.5,0.05,108046,196.446,1.29953,29.1199,440.579,-0.806974,-1.21078,403.282,2345.48,129.989,129.989,29.5939794317437723,-95.1638400085732314,20908474.4635740295,0.0699432794391549179
3.4,-0.09642397200353281,0.763088902002212,-1.156647662336605,2.479829489791618,-11.90171128086857,-2.923336126135891,-0.09280411883887169,0.7630886450072438,-1.158734038729959,0.004056341829,57573.10631,1.84757888332,1325.74196628,1.84701193838511,-0.02308001593059575,-0.0395214171847218,4.616931392157531,-0.5639581397767819,-0.7373296580171597,-0.4582028884285637,1.784251680635201,4.379713050772338,4.505196164701294,-0.8628376957023123,-32.89019347111418,1.84701193838511,-0.02308001593059575,-0.0395214171847218,1320.469262413367,-118.110388466661,1.619974725052295,0.04876465920526413,0.8870465761689761,1.619974725052295,1.847013207072784,-0.03127102329375062,-0.03334765493461508, 2095.664298,-10.78159928, 13.55514886,-10.78159928, 1505.007022, 3.980438904, 13.55514886, 3.980438904, 3150.371699,77.08000156,2479.975747,45.48949157769007,4.227460696996045,35.4267816846141,4.2881960198283,4.2881781245038,0.4661499201065476,-0.197292411375364,359.735919963218,0.9999876046190346,0.004063929727535872,-0.001731056036762649,-0.002297504831914127,-0.3392225679555976,0.6364780306446196,0.5870070762028849,0.3677586958646895,-0.339268154906912,0.6364052568614562,0.5870859732991556,0.3677166409894265,-1.2257987424121,-0.71575937112176,29.593979211706,29.759527241175,-95.163838911668,-1631864.652516849,-18107513.63195453,10325660.33771003,-1636354.032755427,-18107108.48410198,10325660.33771003,0.014205452049617,4.2881781245038,-6.5251255613311e-09,6.28157624,0.999480435,1.52619625,34509302.8,87.4510454,3.49,-2.79157624,1,0,-0.523,-0.523,-0.531135851,-0.174,0.348,0,-0.173617098,-0.434042746,-0.433541775,-0.433541775,-0.433541775,0.00306796875,-1,0.401465003,0,359.762419,-359.762419,360,0.237581388,0.00414579522,0.000133858018,-0.0080019929,0,0,0,-4.28817826,-4.16375464,-0.499472007,-0.532819662,0,0,0,-0,0,0,0.002,-0.433541775,-0.151306079,-0.151306079,0.113479559,0.113479559,-0.264785639,0,0,2,0.0666666667,109473,199.041,1.29953,29.0765,438.923,-1.03351,-0.838474,417.134,2384.67,129.988,129.988,29.5939798715989753,-95.1638400187750904,20908474.4625333026,-0.0928041188388716853
3.5,-0.1906970559067707,-0.01153402229334283,-1.370152257812365,4.860781278964663,-2.789306692637211,-2.533341661996773,-0.1870760038317927,-0.01152592129018908,-1.372236536991971,0.006397776646,72304.76234,2.32033286166,1325.71991547,2.318753364384963,-0.03891273666898833,-0.07624449469804007,4.785815213529763,-0.7045924664440579,-0.03387677878949442,-0.5698495246243255,2.508099074131456,4.162103936331548,4.69332474749432,-1.015356050058289,-32.16169908108572,2.318753364384963,-0.03891273666898833,-0.07624449469804007,1320.465581138629,-117.8972041258398,2.047576464981795,0.0442812676525878,1.090602759157131,2.047576464981796,2.318648202159301,-0.05405709557125732,-0.06994950990002777, 2095.658313,-10.78159457, 13.55517557,-10.78159457, 1505.006611, 3.980483896, 13.55517557, 3.980483896, 3150.365967,77.07993764,2479.973691,45.48948949601948,4.227464202334056,35.42676180643203,4.2939757332206,4.2939578092597,0.4545632379000683,-0.1631089525046097,359.610820182342,0.999985371220236,0.003961941149364124,-0.001436846393061804,-0.003390551621584535,-0.3389234090012337,0.6357643908790618,0.5875663807375208,0.3683752303673105,-0.3389704153459541,0.635689405174286,0.5876475071264884,0.3683319766696586,-1.8833026553514,-0.96091390062499,29.593979782103,29.759527813483,-95.163838926917,-1631732.606399064,-18107525.43288789,10325660.5212637,-1636354.0287277,-18107108.38577309,10325660.5212637,0.014623259462841,4.2939578092597,0,6.27939284,0.999480226,1.52619625,34509302.8,87.4510453,3.49,-2.78939284,1,0,-0.523,-0.523,-0.530933625,-0.174,0.348,0,-0.171563818,-0.428909544,-0.428321705,-0.428321705,-0.428321705,0.00306796875,-1,0.356408746,0,359.63731,-359.63731,360,0.362690384,0.0063289472,0.000381687584,-0.00755193758,0,0,0,-4.29395795,-4.17584617,-0.500922231,-0.570871741,0,0,0,-0,0,0,0.002,-0.428321705,-0.149484275,-0.149484275,0.112113206,0.112113206,-0.261597481,0,0,2.5,0.0833333333,110585,201.063,1.29953,29.0356,437.465,-1.30417,-0.475099,428.496,2416.31,129.987,129.987,29.5939804394689112,-95.1638400358354346,20908474.4677892365,-0.187076003831792709
3.6,-0.2063932016928492,0.04183082603155849,-1.622779389988751,6.818114565765469,3.418862785788871,-2.757752335418076,-0.2027723313007495,0.04184895792034803,-1.624863921661027,0.009356124489,87438.02439,2.80597494793,1325.70189654,2.805006715755442,-0.04712271282111484,-0.05667612272778277,4.911785661551639,-0.7554990555177165,0.3444659979809556,-0.6260860020439907,2.901612083794051,4.080990012159745,4.817204451376807,-1.080385241134605,-31.78590492600605,2.805006715755442,-0.04712271282111484,-0.05667612272778277,1320.47084620904,-117.6274464300271,2.458992873424707,0.04876382173045304,1.35073000504207,2.458992873424707,2.804598694035273,-0.07300523530869917,-0.04890612862790043, 2095.652266,-10.78158981, 13.55520258,-10.78158981, 1505.006195, 3.980529364, 13.55520258, 3.980529364, 3150.360175,77.07987305,2479.971612,45.48948739218066,4.227467745001266,35.42674171656235,4.3002383895218,4.3002204431586,0.4369763872456408,-0.1660144599167116,359.4624394096215,0.9999807026174582,0.003806486999359655,-0.001466611112751447,-0.004685520383291262,-0.3383254549137953,0.6350695019483489,0.5883430602735061,0.368883528610936,-0.3383738709392259,0.6349922717032763,0.5884264132022209,0.3688391174871313,-1.1575233710885,-0.96225359802859,29.593980483793,29.75952851753,-95.163838948785,-1631600.560191578,-18107537.20940227,10325660.74664923,-1636354.024689449,-18107108.26398814,10325660.74664923,0.015041066876065,4.3002204431586,0,6.2768031,0.99948,1.52619625,34509302.8,87.4510452,3.49,-2.7868031,1,0,-0.523,-0.523,-0.530626677,-0.174,0.348,0,-0.171333957,-0.428334892,-0.427015928,-0.427015928,-0.427015928,0.00306796875,-1,0.337388217,0,359.488918,-359.488918,360,0.511082086,0.00891838241,0.000733640577,-0.00689303613,0,0,0,-4.30022058,-4.18740611,-0.502308665,-0.551214794,0,0,0,-0,0,0,0.002,-0.427015928,-0.149028559,-0.149028559,0.111771419,0.111771419,-0.260799978,0,0,3,0.1,111441,202.62,1.29953,28.9972,436.183,-1.56295,-0.392448,437.719,2441.67,129.986,129.986,29.5939811386919693,-95.1638400599037055,20908474.4731965475,-0.202772331300749481
3.7,-0.1159061053179407,0.4519991695193484,-1.907933107787584,1.694361073878327,4.051459815047471,-2.96518166096492,-0.1122844947557702,0.4520289337229488,-1.910016219518302,0.01296064459,102911.9077,3.30254780902,1325.68016837,3.30202941820698,-0.05495510059136251,-0.02009201577377318,5.013461294613593,-0.08793832069896623,0.3403794355725224,-0.00464171949563047,2.87686850706647,4.185826889160925,4.931544458073518,-0.4348037767443452,-31.81415290671124,3.30202941820698,-0.05495510059136251,-0.02009201577377318,1320.473893687258,-117.3386434917707,2.871869300722825,0.05103977418285893,1.629902970087591,2.871869300722824,3.30113325572443,-0.09586521280903187,-0.01229307961766098, 2095.646168,-10.78158501,  13.5552298,-10.78158501, 1505.005776, 3.980575202,  13.5552298, 3.980575202, 3150.354334,77.07980793,2479.969517,45.48948527111424,4.227471316678169,35.42672146218359,4.3032624348998,4.3032444739753,0.4219798243677287,-0.1423371627750538,359.2874639622972,0.9999731448640682,0.003674662805462033,-0.001264990872261625,-0.006213388932322602,-0.3377903336799334,0.6341431639334293,0.5891972070141837,0.3696035570115421,-0.3378401916514177,0.6340636730281078,0.5892827501827281,0.3695579843382069,-0.3486260578011,-0.95345800798648,29.593981320168,29.75952935675,-95.163838976262,-1631468.513229458,-18107548.9576919,10325661.01310269,-1636354.019974191,-18107108.11494156,10325661.01310269,0.01545887428929,4.3032444739753,0,6.27374921,0.999479891,1.52619625,34509302.8,87.4510452,3.49,-2.78374921,1,0,-0.523,-0.523,-0.530364937,-0.174,0.348,0,-0.171995752,-0.429989381,-0.429373995,-0.429373995,-0.429373995,0.00306796875,-1,0.335578136,0,359.31393,-359.31393,360,0.686070423,0.0119719289,0.00120591162,-0.00615902569,0,0,0,-4.30324461,-4.19831736,-0.503617418,-0.515910498,0,0,0,-0,0,0,0.002,-0.429373995,-0.149851524,-0.149851524,0.112388643,0.112388643,-0.262240168,0,0,3.5,0.116666667,112090,203.8,1.29953,28.9613,435.055,-1.85279,-0.48268,445.13,2461.84,129.985,129.985,29.5939819718175485,-95.1638400898777661,20908474.4753519334,-0.112284494755770167
3.8,-0.008558970174491198,0.7709719377336099,-2.207755953389982,1.176375531406585,1.86185189092985,-3.022793574748917,-0.004935253311236671,0.7710148756812039,-2.209835168598208,0.01722712702,118647.5451,3.80752040773,1325.6611894,3.807113978916344,-0.05524517645989008,0.006540434083979418,5.083884518563139,0.01812514203537516,0.1741945193366986,0.03477245789685088,2.737622264339232,4.345052744632211,5.037273679714181,-0.3619228591628912,-32.0057167898052,3.807113978916344,-0.05524517645989008,0.006540434083979418,1320.478819288809,-117.0572469263033,3.298154031037868,0.05519795526346383,1.901668958715928,3.298154031037868,3.805730260065003,-0.1161839436193425,0.01140763476546523, 2095.640033,-10.78158018, 13.55525719,-10.78158018, 1505.005354, 3.980621325, 13.55525719, 3.980621325, 3150.348458,77.0797424,2479.967409,45.48948313684532,4.227474910586836,35.42670108173225,4.3031425587833,4.3031245973407,0.4156353050924391,-0.07928367688946152,359.0834358115004,0.9999612149321164,0.00362144350294293,-0.0007208649760365339,-0.007995882198169242,-0.3374094338816429,0.6329119796806204,0.5901245809516401,0.3705810017541081,-0.3374607747093474,0.6328302117362803,0.5902122653591719,0.3705342500579077,0.098431227068235,-0.83136166962068,29.593982293756,29.759530333678,-95.163839009678,-1631336.465584825,-18107560.67737304,10325661.32147207,-1636354.014653339,-18107107.93824958,10325661.32147207,0.015876681702514,4.3031245973407,-3.2625627791391e-09,6.27018824,0.999479895,1.52619625,34509302.8,87.4510451,3.49,-2.78018824,1,0,-0.523,-0.523,-0.530254205,-0.174,0.348,0,-0.173682699,-0.434206748,-0.433707731,-0.433707731,-0.433707731,0.00306796875,-1,0.358246097,0,359.109886,-359.109886,360,0.890113603,0.0155324824,0.00181642668,-0.00543777788,0,0,0,-4.30312474,-4.20831555,-0.504816777,-0.493409142,0,0,0,-0,0,0,0.002,-0.433707731,-0.151363998,-0.151363998,0.113522999,0.113522999,-0.264886997,0,0,4,0.133333333,112572,204.677,1.29953,28.928,434.063,-2.10471,-0.566179,451.023,2477.75,129.984,129.984,29.5939829411744562,-95.1638401260247093,20908474.4744384103,-0.00493525331123667067
